competencia,fator,orientacao,fonte,observacao
1994-01,33.78789312213647605789893365,DIRECT,"TJMG - Fatores de Atualização Monetária ICGJ, tabela válida para junho/2026","Fatores oficiais ICGJ baseados em ORTN/OTN/BTN/TR/IPC-R/INPC, convertidos para base acumulada direta. Cobertura oficial até 06/2026."
1994-02,47.78995359595505832763836386,DIRECT,"TJMG - Fatores de Atualização Monetária ICGJ, tabela válida para junho/2026","Fatores oficiais ICGJ baseados em ORTN/OTN/BTN/TR/IPC-R/INPC, convertidos para base acumulada direta. Cobertura oficial até 06/2026."
1994-03,66.84134538259986097000160419,DIRECT,"TJMG - Fatores de Atualização Monetária ICGJ, tabela válida para junho/2026","Fatores oficiais ICGJ baseados em ORTN/OTN/BTN/TR/IPC-R/INPC, convertidos para base acumulada direta. Cobertura oficial até 06/2026."
1994-04,94.81279214191578727801955040,DIRECT,"TJMG - Fatores de Atualização Monetária ICGJ, tabela válida para junho/2026","Fatores oficiais ICGJ baseados em ORTN/OTN/BTN/TR/IPC-R/INPC, convertidos para base acumulada direta. Cobertura oficial até 06/2026."
1994-05,138.4044732325748768200188230,DIRECT,"TJMG - Fatores de Atualização Monetária ICGJ, tabela válida para junho/2026","Fatores oficiais ICGJ baseados em ORTN/OTN/BTN/TR/IPC-R/INPC, convertidos para base acumulada direta. Cobertura oficial até 06/2026."
1994-06,202.6712065016923045742891307,DIRECT,"TJMG - Fatores de Atualização Monetária ICGJ, tabela válida para junho/2026","Fatores oficiais ICGJ baseados em ORTN/OTN/BTN/TR/IPC-R/INPC, convertidos para base acumulada direta. Cobertura oficial até 06/2026."
1994-07,0.1082423180508061081443154560,DIRECT,"TJMG - Fatores de Atualização Monetária ICGJ, tabela válida para junho/2026","Fatores oficiais ICGJ baseados em ORTN/OTN/BTN/TR/IPC-R/INPC, convertidos para base acumulada direta. Cobertura oficial até 06/2026."
1994-08,0.1148234423080522350210810099,DIRECT,"TJMG - Fatores de Atualização Monetária ICGJ, tabela válida para junho/2026","Fatores oficiais ICGJ baseados em ORTN/OTN/BTN/TR/IPC-R/INPC, convertidos para base acumulada direta. Cobertura oficial até 06/2026."
1994-09,0.1210928088345244607292206526,DIRECT,"TJMG - Fatores de Atualização Monetária ICGJ, tabela válida para junho/2026","Fatores oficiais ICGJ baseados em ORTN/OTN/BTN/TR/IPC-R/INPC, convertidos para base acumulada direta. Cobertura oficial até 06/2026."
1994-10,0.1229213190593328054518260103,DIRECT,"TJMG - Fatores de Atualização Monetária ICGJ, tabela válida para junho/2026","Fatores oficiais ICGJ baseados em ORTN/OTN/BTN/TR/IPC-R/INPC, convertidos para base acumulada direta. Cobertura oficial até 06/2026."
1994-11,0.1252076506281843122726886405,DIRECT,"TJMG - Fatores de Atualização Monetária ICGJ, tabela válida para junho/2026","Fatores oficiais ICGJ baseados em ORTN/OTN/BTN/TR/IPC-R/INPC, convertidos para base acumulada direta. Cobertura oficial até 06/2026."
1994-12,0.1293019452171708276657596954,DIRECT,"TJMG - Fatores de Atualização Monetária ICGJ, tabela válida para junho/2026","Fatores oficiais ICGJ baseados em ORTN/OTN/BTN/TR/IPC-R/INPC, convertidos para base acumulada direta. Cobertura oficial até 06/2026."
1995-01,0.1321336566291554631089767708,DIRECT,"TJMG - Fatores de Atualização Monetária ICGJ, tabela válida para junho/2026","Fatores oficiais ICGJ baseados em ORTN/OTN/BTN/TR/IPC-R/INPC, convertidos para base acumulada direta. Cobertura oficial até 06/2026."
1995-02,0.1343402800065203398303964712,DIRECT,"TJMG - Fatores de Atualização Monetária ICGJ, tabela válida para junho/2026","Fatores oficiais ICGJ baseados em ORTN/OTN/BTN/TR/IPC-R/INPC, convertidos para base acumulada direta. Cobertura oficial até 06/2026."
1995-03,0.1356702534489922243985992046,DIRECT,"TJMG - Fatores de Atualização Monetária ICGJ, tabela válida para junho/2026","Fatores oficiais ICGJ baseados em ORTN/OTN/BTN/TR/IPC-R/INPC, convertidos para base acumulada direta. Cobertura oficial até 06/2026."
1995-04,0.1375831938056303885833685913,DIRECT,"TJMG - Fatores de Atualização Monetária ICGJ, tabela válida para junho/2026","Fatores oficiais ICGJ baseados em ORTN/OTN/BTN/TR/IPC-R/INPC, convertidos para base acumulada direta. Cobertura oficial até 06/2026."
1995-05,0.1402248047611481489225006811,DIRECT,"TJMG - Fatores de Atualização Monetária ICGJ, tabela válida para junho/2026","Fatores oficiais ICGJ baseados em ORTN/OTN/BTN/TR/IPC-R/INPC, convertidos para base acumulada direta. Cobertura oficial até 06/2026."
1995-06,0.1438285878505086505200762631,DIRECT,"TJMG - Fatores de Atualização Monetária ICGJ, tabela válida para junho/2026","Fatores oficiais ICGJ baseados em ORTN/OTN/BTN/TR/IPC-R/INPC, convertidos para base acumulada direta. Cobertura oficial até 06/2026."
1995-07,0.1464462625031974710839291878,DIRECT,"TJMG - Fatores de Atualização Monetária ICGJ, tabela válida para junho/2026","Fatores oficiais ICGJ baseados em ORTN/OTN/BTN/TR/IPC-R/INPC, convertidos para base acumulada direta. Cobertura oficial até 06/2026."
1995-08,0.1500488604104154435808932463,DIRECT,"TJMG - Fatores de Atualização Monetária ICGJ, tabela válida para junho/2026","Fatores oficiais ICGJ baseados em ORTN/OTN/BTN/TR/IPC-R/INPC, convertidos para base acumulada direta. Cobertura oficial até 06/2026."
1995-09,0.1515793430702850676915451316,DIRECT,"TJMG - Fatores de Atualização Monetária ICGJ, tabela válida para junho/2026","Fatores oficiais ICGJ baseados em ORTN/OTN/BTN/TR/IPC-R/INPC, convertidos para base acumulada direta. Cobertura oficial até 06/2026."
1995-10,0.1533528295897351749985814863,DIRECT,"TJMG - Fatores de Atualização Monetária ICGJ, tabela válida para junho/2026","Fatores oficiais ICGJ baseados em ORTN/OTN/BTN/TR/IPC-R/INPC, convertidos para base acumulada direta. Cobertura oficial até 06/2026."
1995-11,0.1554997404787081280600696741,DIRECT,"TJMG - Fatores de Atualização Monetária ICGJ, tabela válida para junho/2026","Fatores oficiais ICGJ baseados em ORTN/OTN/BTN/TR/IPC-R/INPC, convertidos para base acumulada direta. Cobertura oficial até 06/2026."
1995-12,0.1578478020443342386167860246,DIRECT,"TJMG - Fatores de Atualização Monetária ICGJ, tabela válida para junho/2026","Fatores oficiais ICGJ baseados em ORTN/OTN/BTN/TR/IPC-R/INPC, convertidos para base acumulada direta. Cobertura oficial até 06/2026."
1996-01,0.1604523034909752077604617830,DIRECT,"TJMG - Fatores de Atualização Monetária ICGJ, tabela válida para junho/2026","Fatores oficiais ICGJ baseados em ORTN/OTN/BTN/TR/IPC-R/INPC, convertidos para base acumulada direta. Cobertura oficial até 06/2026."
1996-02,0.1627948992971916284481221332,DIRECT,"TJMG - Fatores de Atualização Monetária ICGJ, tabela válida para junho/2026","Fatores oficiais ICGJ baseados em ORTN/OTN/BTN/TR/IPC-R/INPC, convertidos para base acumulada direta. Cobertura oficial até 06/2026."
1996-03,0.1639507460480328468105874408,DIRECT,"TJMG - Fatores de Atualização Monetária ICGJ, tabela válida para junho/2026","Fatores oficiais ICGJ baseados em ORTN/OTN/BTN/TR/IPC-R/INPC, convertidos para base acumulada direta. Cobertura oficial até 06/2026."
1996-04,0.1644262007363071039452126638,DIRECT,"TJMG - Fatores de Atualização Monetária ICGJ, tabela válida para junho/2026","Fatores oficiais ICGJ baseados em ORTN/OTN/BTN/TR/IPC-R/INPC, convertidos para base acumulada direta. Cobertura oficial até 06/2026."
1996-05,0.1659553488504239794061360862,DIRECT,"TJMG - Fatores de Atualização Monetária ICGJ, tabela válida para junho/2026","Fatores oficiais ICGJ baseados em ORTN/OTN/BTN/TR/IPC-R/INPC, convertidos para base acumulada direta. Cobertura oficial até 06/2026."
1996-06,0.1680795885088960492287634465,DIRECT,"TJMG - Fatores de Atualização Monetária ICGJ, tabela válida para junho/2026","Fatores oficiais ICGJ baseados em ORTN/OTN/BTN/TR/IPC-R/INPC, convertidos para base acumulada direta. Cobertura oficial até 06/2026."
1996-07,0.1703150448527225345317585527,DIRECT,"TJMG - Fatores de Atualização Monetária ICGJ, tabela válida para junho/2026","Fatores oficiais ICGJ baseados em ORTN/OTN/BTN/TR/IPC-R/INPC, convertidos para base acumulada direta. Cobertura oficial até 06/2026."
1996-08,0.1723588136136092175149440693,DIRECT,"TJMG - Fatores de Atualização Monetária ICGJ, tabela válida para junho/2026","Fatores oficiais ICGJ baseados em ORTN/OTN/BTN/TR/IPC-R/INPC, convertidos para base acumulada direta. Cobertura oficial até 06/2026."
1996-09,0.1732206099059566254553471825,DIRECT,"TJMG - Fatores de Atualização Monetária ICGJ, tabela válida para junho/2026","Fatores oficiais ICGJ baseados em ORTN/OTN/BTN/TR/IPC-R/INPC, convertidos para base acumulada direta. Cobertura oficial até 06/2026."
1996-10,0.1732552790580332244371927870,DIRECT,"TJMG - Fatores de Atualização Monetária ICGJ, tabela válida para junho/2026","Fatores oficiais ICGJ baseados em ORTN/OTN/BTN/TR/IPC-R/INPC, convertidos para base acumulada direta. Cobertura oficial até 06/2026."
1996-11,0.1739136181493469282768064799,DIRECT,"TJMG - Fatores de Atualização Monetária ICGJ, tabela válida para junho/2026","Fatores oficiais ICGJ baseados em ORTN/OTN/BTN/TR/IPC-R/INPC, convertidos para base acumulada direta. Cobertura oficial até 06/2026."
1996-12,0.1745049460460372666480597860,DIRECT,"TJMG - Fatores de Atualização Monetária ICGJ, tabela válida para junho/2026","Fatores oficiais ICGJ baseados em ORTN/OTN/BTN/TR/IPC-R/INPC, convertidos para base acumulada direta. Cobertura oficial até 06/2026."
1997-01,0.1750808173052681117603885954,DIRECT,"TJMG - Fatores de Atualização Monetária ICGJ, tabela válida para junho/2026","Fatores oficiais ICGJ baseados em ORTN/OTN/BTN/TR/IPC-R/INPC, convertidos para base acumulada direta. Cobertura oficial até 06/2026."
1997-02,0.1764989682311564627171080715,DIRECT,"TJMG - Fatores de Atualização Monetária ICGJ, tabela válida para junho/2026","Fatores oficiais ICGJ baseados em ORTN/OTN/BTN/TR/IPC-R/INPC, convertidos para base acumulada direta. Cobertura oficial até 06/2026."
1997-03,0.1772932047184600751925302260,DIRECT,"TJMG - Fatores de Atualização Monetária ICGJ, tabela válida para junho/2026","Fatores oficiais ICGJ baseados em ORTN/OTN/BTN/TR/IPC-R/INPC, convertidos para base acumulada direta. Cobertura oficial até 06/2026."
1997-04,0.1784988082437818199784898226,DIRECT,"TJMG - Fatores de Atualização Monetária ICGJ, tabela válida para junho/2026","Fatores oficiais ICGJ baseados em ORTN/OTN/BTN/TR/IPC-R/INPC, convertidos para base acumulada direta. Cobertura oficial até 06/2026."
1997-05,0.1795698078436056152125364004,DIRECT,"TJMG - Fatores de Atualização Monetária ICGJ, tabela válida para junho/2026","Fatores oficiais ICGJ baseados em ORTN/OTN/BTN/TR/IPC-R/INPC, convertidos para base acumulada direta. Cobertura oficial até 06/2026."
1997-06,0.1797673372024297784737889695,DIRECT,"TJMG - Fatores de Atualização Monetária ICGJ, tabela válida para junho/2026","Fatores oficiais ICGJ baseados em ORTN/OTN/BTN/TR/IPC-R/INPC, convertidos para base acumulada direta. Cobertura oficial até 06/2026."
1997-07,0.1803964967072498050770753954,DIRECT,"TJMG - Fatores de Atualização Monetária ICGJ, tabela válida para junho/2026","Fatores oficiais ICGJ baseados em ORTN/OTN/BTN/TR/IPC-R/INPC, convertidos para base acumulada direta. Cobertura oficial até 06/2026."
1997-08,0.1807212335033817731901170569,DIRECT,"TJMG - Fatores de Atualização Monetária ICGJ, tabela válida para junho/2026","Fatores oficiais ICGJ baseados em ORTN/OTN/BTN/TR/IPC-R/INPC, convertidos para base acumulada direta. Cobertura oficial até 06/2026."
1997-09,0.1806669751374600163658986098,DIRECT,"TJMG - Fatores de Atualização Monetária ICGJ, tabela válida para junho/2026","Fatores oficiais ICGJ baseados em ORTN/OTN/BTN/TR/IPC-R/INPC, convertidos para base acumulada direta. Cobertura oficial até 06/2026."
1997-10,0.1808476840943973550230471384,DIRECT,"TJMG - Fatores de Atualização Monetária ICGJ, tabela válida para junho/2026","Fatores oficiais ICGJ baseados em ORTN/OTN/BTN/TR/IPC-R/INPC, convertidos para base acumulada direta. Cobertura oficial até 06/2026."
1997-11,0.1813721382650594193262170161,DIRECT,"TJMG - Fatores de Atualização Monetária ICGJ, tabela válida para junho/2026","Fatores oficiais ICGJ baseados em ORTN/OTN/BTN/TR/IPC-R/INPC, convertidos para base acumulada direta. Cobertura oficial até 06/2026."
1997-12,0.1816441865032411498774519331,DIRECT,"TJMG - Fatores de Atualização Monetária ICGJ, tabela válida para junho/2026","Fatores oficiais ICGJ baseados em ORTN/OTN/BTN/TR/IPC-R/INPC, convertidos para base acumulada direta. Cobertura oficial até 06/2026."
1998-01,0.1826795691297760956805434147,DIRECT,"TJMG - Fatores de Atualização Monetária ICGJ, tabela válida para junho/2026","Fatores oficiais ICGJ baseados em ORTN/OTN/BTN/TR/IPC-R/INPC, convertidos para base acumulada direta. Cobertura oficial até 06/2026."
1998-02,0.1842323185749674373982726709,DIRECT,"TJMG - Fatores de Atualização Monetária ICGJ, tabela válida para junho/2026","Fatores oficiais ICGJ baseados em ORTN/OTN/BTN/TR/IPC-R/INPC, convertidos para base acumulada direta. Cobertura oficial até 06/2026."
1998-03,0.1852271974576752149265262980,DIRECT,"TJMG - Fatores de Atualização Monetária ICGJ, tabela válida para junho/2026","Fatores oficiais ICGJ baseados em ORTN/OTN/BTN/TR/IPC-R/INPC, convertidos para base acumulada direta. Cobertura oficial até 06/2026."
1998-04,0.1861348035898107128173765923,DIRECT,"TJMG - Fatores de Atualização Monetária ICGJ, tabela válida para junho/2026","Fatores oficiais ICGJ baseados em ORTN/OTN/BTN/TR/IPC-R/INPC, convertidos para base acumulada direta. Cobertura oficial até 06/2026."
1998-05,0.1869724164268355900124944317,DIRECT,"TJMG - Fatores de Atualização Monetária ICGJ, tabela válida para junho/2026","Fatores oficiais ICGJ baseados em ORTN/OTN/BTN/TR/IPC-R/INPC, convertidos para base acumulada direta. Cobertura oficial até 06/2026."
1998-06,0.1883186009494760213831251732,DIRECT,"TJMG - Fatores de Atualização Monetária ICGJ, tabela válida para junho/2026","Fatores oficiais ICGJ baseados em ORTN/OTN/BTN/TR/IPC-R/INPC, convertidos para base acumulada direta. Cobertura oficial até 06/2026."
1998-07,0.1886010897031481086432050809,DIRECT,"TJMG - Fatores de Atualização Monetária ICGJ, tabela válida para junho/2026","Fatores oficiais ICGJ baseados em ORTN/OTN/BTN/TR/IPC-R/INPC, convertidos para base acumulada direta. Cobertura oficial até 06/2026."
1998-08,0.1880730220590659500056393696,DIRECT,"TJMG - Fatores de Atualização Monetária ICGJ, tabela válida para junho/2026","Fatores oficiais ICGJ baseados em ORTN/OTN/BTN/TR/IPC-R/INPC, convertidos para base acumulada direta. Cobertura oficial até 06/2026."
1998-09,0.1871514538112083508475902192,DIRECT,"TJMG - Fatores de Atualização Monetária ICGJ, tabela válida para junho/2026","Fatores oficiais ICGJ baseados em ORTN/OTN/BTN/TR/IPC-R/INPC, convertidos para base acumulada direta. Cobertura oficial até 06/2026."
1998-10,0.1865712854552608027759419163,DIRECT,"TJMG - Fatores de Atualização Monetária ICGJ, tabela válida para junho/2026","Fatores oficiais ICGJ baseados em ORTN/OTN/BTN/TR/IPC-R/INPC, convertidos para base acumulada direta. Cobertura oficial até 06/2026."
1998-11,0.1867765350995320948953300562,DIRECT,"TJMG - Fatores de Atualização Monetária ICGJ, tabela válida para junho/2026","Fatores oficiais ICGJ baseados em ORTN/OTN/BTN/TR/IPC-R/INPC, convertidos para base acumulada direta. Cobertura oficial até 06/2026."
1998-12,0.1864403464814856625788812792,DIRECT,"TJMG - Fatores de Atualização Monetária ICGJ, tabela válida para junho/2026","Fatores oficiais ICGJ baseados em ORTN/OTN/BTN/TR/IPC-R/INPC, convertidos para base acumulada direta. Cobertura oficial até 06/2026."
1999-01,0.1872233575966691766454063935,DIRECT,"TJMG - Fatores de Atualização Monetária ICGJ, tabela válida para junho/2026","Fatores oficiais ICGJ baseados em ORTN/OTN/BTN/TR/IPC-R/INPC, convertidos para base acumulada direta. Cobertura oficial até 06/2026."
1999-02,0.1884403242846927776363847211,DIRECT,"TJMG - Fatores de Atualização Monetária ICGJ, tabela válida para junho/2026","Fatores oficiais ICGJ baseados em ORTN/OTN/BTN/TR/IPC-R/INPC, convertidos para base acumulada direta. Cobertura oficial até 06/2026."
1999-03,0.1908712066184819940406573612,DIRECT,"TJMG - Fatores de Atualização Monetária ICGJ, tabela válida para junho/2026","Fatores oficiais ICGJ baseados em ORTN/OTN/BTN/TR/IPC-R/INPC, convertidos para base acumulada direta. Cobertura oficial até 06/2026."
1999-04,0.1933143806625769205169945668,DIRECT,"TJMG - Fatores de Atualização Monetária ICGJ, tabela válida para junho/2026","Fatores oficiais ICGJ baseados em ORTN/OTN/BTN/TR/IPC-R/INPC, convertidos para base acumulada direta. Cobertura oficial até 06/2026."
1999-05,0.1942229472003752698096626771,DIRECT,"TJMG - Fatores de Atualização Monetária ICGJ, tabela válida para junho/2026","Fatores oficiais ICGJ baseados em ORTN/OTN/BTN/TR/IPC-R/INPC, convertidos para base acumulada direta. Cobertura oficial até 06/2026."
1999-06,0.1943200634105230921218954212,DIRECT,"TJMG - Fatores de Atualização Monetária ICGJ, tabela válida para junho/2026","Fatores oficiais ICGJ baseados em ORTN/OTN/BTN/TR/IPC-R/INPC, convertidos para base acumulada direta. Cobertura oficial até 06/2026."
1999-07,0.1944560691362885612947989594,DIRECT,"TJMG - Fatores de Atualização Monetária ICGJ, tabela válida para junho/2026","Fatores oficiais ICGJ baseados em ORTN/OTN/BTN/TR/IPC-R/INPC, convertidos para base acumulada direta. Cobertura oficial até 06/2026."
1999-08,0.1958950582337239611391219278,DIRECT,"TJMG - Fatores de Atualização Monetária ICGJ, tabela válida para junho/2026","Fatores oficiais ICGJ baseados em ORTN/OTN/BTN/TR/IPC-R/INPC, convertidos para base acumulada direta. Cobertura oficial até 06/2026."
1999-09,0.1969724895024004150919454778,DIRECT,"TJMG - Fatores de Atualização Monetária ICGJ, tabela válida para junho/2026","Fatores oficiais ICGJ baseados em ORTN/OTN/BTN/TR/IPC-R/INPC, convertidos para base acumulada direta. Cobertura oficial até 06/2026."
1999-10,0.1977406861071862880596936419,DIRECT,"TJMG - Fatores de Atualização Monetária ICGJ, tabela válida para junho/2026","Fatores oficiais ICGJ baseados em ORTN/OTN/BTN/TR/IPC-R/INPC, convertidos para base acumulada direta. Cobertura oficial até 06/2026."
1999-11,0.1996389728814412017307900393,DIRECT,"TJMG - Fatores de Atualização Monetária ICGJ, tabela válida para junho/2026","Fatores oficiais ICGJ baseados em ORTN/OTN/BTN/TR/IPC-R/INPC, convertidos para base acumulada direta. Cobertura oficial até 06/2026."
1999-12,0.2015155906970085736017155586,DIRECT,"TJMG - Fatores de Atualização Monetária ICGJ, tabela válida para junho/2026","Fatores oficiais ICGJ baseados em ORTN/OTN/BTN/TR/IPC-R/INPC, convertidos para base acumulada direta. Cobertura oficial até 06/2026."
2000-01,0.2030068233841448585233267426,DIRECT,"TJMG - Fatores de Atualização Monetária ICGJ, tabela válida para junho/2026","Fatores oficiais ICGJ baseados em ORTN/OTN/BTN/TR/IPC-R/INPC, convertidos para base acumulada direta. Cobertura oficial até 06/2026."
2000-02,0.2042451496525657245062582858,DIRECT,"TJMG - Fatores de Atualização Monetária ICGJ, tabela válida para junho/2026","Fatores oficiais ICGJ baseados em ORTN/OTN/BTN/TR/IPC-R/INPC, convertidos para base acumulada direta. Cobertura oficial até 06/2026."
2000-03,0.2043472548919557824418585571,DIRECT,"TJMG - Fatores de Atualização Monetária ICGJ, tabela válida para junho/2026","Fatores oficiais ICGJ baseados em ORTN/OTN/BTN/TR/IPC-R/INPC, convertidos para base acumulada direta. Cobertura oficial até 06/2026."
2000-04,0.2046129163540351815540637455,DIRECT,"TJMG - Fatores de Atualização Monetária ICGJ, tabela válida para junho/2026","Fatores oficiais ICGJ baseados em ORTN/OTN/BTN/TR/IPC-R/INPC, convertidos para base acumulada direta. Cobertura oficial até 06/2026."
2000-05,0.2047970472525564764209274812,DIRECT,"TJMG - Fatores de Atualização Monetária ICGJ, tabela válida para junho/2026","Fatores oficiais ICGJ baseados em ORTN/OTN/BTN/TR/IPC-R/INPC, convertidos para base acumulada direta. Cobertura oficial até 06/2026."
2000-06,0.2046946848793899001227083227,DIRECT,"TJMG - Fatores de Atualização Monetária ICGJ, tabela válida para junho/2026","Fatores oficiais ICGJ baseados em ORTN/OTN/BTN/TR/IPC-R/INPC, convertidos para base acumulada direta. Cobertura oficial até 06/2026."
2000-07,0.2053087673454598819893417649,DIRECT,"TJMG - Fatores de Atualização Monetária ICGJ, tabela válida para junho/2026","Fatores oficiais ICGJ baseados em ORTN/OTN/BTN/TR/IPC-R/INPC, convertidos para base acumulada direta. Cobertura oficial até 06/2026."
2000-08,0.2081625446388964787265581393,DIRECT,"TJMG - Fatores de Atualização Monetária ICGJ, tabela válida para junho/2026","Fatores oficiais ICGJ baseados em ORTN/OTN/BTN/TR/IPC-R/INPC, convertidos para base acumulada direta. Cobertura oficial até 06/2026."
2000-09,0.2106812840712455841992913482,DIRECT,"TJMG - Fatores de Atualização Monetária ICGJ, tabela válida para junho/2026","Fatores oficiais ICGJ baseados em ORTN/OTN/BTN/TR/IPC-R/INPC, convertidos para base acumulada direta. Cobertura oficial até 06/2026."
2000-10,0.2115872498962005848821713981,DIRECT,"TJMG - Fatores de Atualização Monetária ICGJ, tabela válida para junho/2026","Fatores oficiais ICGJ baseados em ORTN/OTN/BTN/TR/IPC-R/INPC, convertidos para base acumulada direta. Cobertura oficial até 06/2026."
2000-11,0.2119257619817262773216016883,DIRECT,"TJMG - Fatores de Atualização Monetária ICGJ, tabela válida para junho/2026","Fatores oficiais ICGJ baseados em ORTN/OTN/BTN/TR/IPC-R/INPC, convertidos para base acumulada direta. Cobertura oficial até 06/2026."
2000-12,0.2125403752323810192603237874,DIRECT,"TJMG - Fatores de Atualização Monetária ICGJ, tabela válida para junho/2026","Fatores oficiais ICGJ baseados em ORTN/OTN/BTN/TR/IPC-R/INPC, convertidos para base acumulada direta. Cobertura oficial até 06/2026."
2001-01,0.2137093797773396165600662909,DIRECT,"TJMG - Fatores de Atualização Monetária ICGJ, tabela válida para junho/2026","Fatores oficiais ICGJ baseados em ORTN/OTN/BTN/TR/IPC-R/INPC, convertidos para base acumulada direta. Cobertura oficial até 06/2026."
2001-02,0.2153548805079756464641248273,DIRECT,"TJMG - Fatores de Atualização Monetária ICGJ, tabela válida para junho/2026","Fatores oficiais ICGJ baseados em ORTN/OTN/BTN/TR/IPC-R/INPC, convertidos para base acumulada direta. Cobertura oficial até 06/2026."
2001-03,0.2164101665168026263537808479,DIRECT,"TJMG - Fatores de Atualização Monetária ICGJ, tabela válida para junho/2026","Fatores oficiais ICGJ baseados em ORTN/OTN/BTN/TR/IPC-R/INPC, convertidos para base acumulada direta. Cobertura oficial até 06/2026."
2001-04,0.2174489283138292517082244186,DIRECT,"TJMG - Fatores de Atualização Monetária ICGJ, tabela válida para junho/2026","Fatores oficiais ICGJ baseados em ORTN/OTN/BTN/TR/IPC-R/INPC, convertidos para base acumulada direta. Cobertura oficial até 06/2026."
2001-05,0.2192754861649995845825914604,DIRECT,"TJMG - Fatores de Atualização Monetária ICGJ, tabela válida para junho/2026","Fatores oficiais ICGJ baseados em ORTN/OTN/BTN/TR/IPC-R/INPC, convertidos para base acumulada direta. Cobertura oficial até 06/2026."
2001-06,0.2205253628645609523061417769,DIRECT,"TJMG - Fatores de Atualização Monetária ICGJ, tabela válida para junho/2026","Fatores oficiais ICGJ baseados em ORTN/OTN/BTN/TR/IPC-R/INPC, convertidos para base acumulada direta. Cobertura oficial até 06/2026."
2001-07,0.2218485110104747105564661697,DIRECT,"TJMG - Fatores de Atualização Monetária ICGJ, tabela válida para junho/2026","Fatores oficiais ICGJ baseados em ORTN/OTN/BTN/TR/IPC-R/INPC, convertidos para base acumulada direta. Cobertura oficial até 06/2026."
2001-08,0.2243110465653582274330974359,DIRECT,"TJMG - Fatores de Atualização Monetária ICGJ, tabela válida para junho/2026","Fatores oficiais ICGJ baseados em ORTN/OTN/BTN/TR/IPC-R/INPC, convertidos para base acumulada direta. Cobertura oficial até 06/2026."
2001-09,0.2260830883383946554319649745,DIRECT,"TJMG - Fatores de Atualização Monetária ICGJ, tabela válida para junho/2026","Fatores oficiais ICGJ baseados em ORTN/OTN/BTN/TR/IPC-R/INPC, convertidos para base acumulada direta. Cobertura oficial até 06/2026."
2001-10,0.2270778738135521710052619393,DIRECT,"TJMG - Fatores de Atualização Monetária ICGJ, tabela válida para junho/2026","Fatores oficiais ICGJ baseados em ORTN/OTN/BTN/TR/IPC-R/INPC, convertidos para base acumulada direta. Cobertura oficial até 06/2026."
2001-11,0.2292123797331239004538886465,DIRECT,"TJMG - Fatores de Atualização Monetária ICGJ, tabela válida para junho/2026","Fatores oficiais ICGJ baseados em ORTN/OTN/BTN/TR/IPC-R/INPC, convertidos para base acumulada direta. Cobertura oficial até 06/2026."
2001-12,0.2321692182992434626720188172,DIRECT,"TJMG - Fatores de Atualização Monetária ICGJ, tabela válida para junho/2026","Fatores oficiais ICGJ baseados em ORTN/OTN/BTN/TR/IPC-R/INPC, convertidos para base acumulada direta. Cobertura oficial até 06/2026."
2002-01,0.2338872828888671945440271526,DIRECT,"TJMG - Fatores de Atualização Monetária ICGJ, tabela válida para junho/2026","Fatores oficiais ICGJ baseados em ORTN/OTN/BTN/TR/IPC-R/INPC, convertidos para base acumulada direta. Cobertura oficial até 06/2026."
2002-02,0.2363898597354764374979655698,DIRECT,"TJMG - Fatores de Atualização Monetária ICGJ, tabela válida para junho/2026","Fatores oficiais ICGJ baseados em ORTN/OTN/BTN/TR/IPC-R/INPC, convertidos para base acumulada direta. Cobertura oficial até 06/2026."
2002-03,0.2371226738028577265854164244,DIRECT,"TJMG - Fatores de Atualização Monetária ICGJ, tabela válida para junho/2026","Fatores oficiais ICGJ baseados em ORTN/OTN/BTN/TR/IPC-R/INPC, convertidos para base acumulada direta. Cobertura oficial até 06/2026."
2002-04,0.2385928860477035935762969229,DIRECT,"TJMG - Fatores de Atualização Monetária ICGJ, tabela válida para junho/2026","Fatores oficiais ICGJ baseados em ORTN/OTN/BTN/TR/IPC-R/INPC, convertidos para base acumulada direta. Cobertura oficial até 06/2026."
2002-05,0.2402152636237606333688595694,DIRECT,"TJMG - Fatores de Atualização Monetária ICGJ, tabela válida para junho/2026","Fatores oficiais ICGJ baseados em ORTN/OTN/BTN/TR/IPC-R/INPC, convertidos para base acumulada direta. Cobertura oficial até 06/2026."
2002-06,0.2404314937462926966361157581,DIRECT,"TJMG - Fatores de Atualização Monetária ICGJ, tabela válida para junho/2026","Fatores oficiais ICGJ baseados em ORTN/OTN/BTN/TR/IPC-R/INPC, convertidos para base acumulada direta. Cobertura oficial até 06/2026."
2002-07,0.2418980950089601473372268928,DIRECT,"TJMG - Fatores de Atualização Monetária ICGJ, tabela válida para junho/2026","Fatores oficiais ICGJ baseados em ORTN/OTN/BTN/TR/IPC-R/INPC, convertidos para base acumulada direta. Cobertura oficial até 06/2026."
2002-08,0.2446798944695615152781184605,DIRECT,"TJMG - Fatores de Atualização Monetária ICGJ, tabela válida para junho/2026","Fatores oficiais ICGJ baseados em ORTN/OTN/BTN/TR/IPC-R/INPC, convertidos para base acumulada direta. Cobertura oficial até 06/2026."
2002-09,0.2467841678479813474603120467,DIRECT,"TJMG - Fatores de Atualização Monetária ICGJ, tabela válida para junho/2026","Fatores oficiais ICGJ baseados em ORTN/OTN/BTN/TR/IPC-R/INPC, convertidos para base acumulada direta. Cobertura oficial até 06/2026."
2002-10,0.2488324594378829951455524321,DIRECT,"TJMG - Fatores de Atualização Monetária ICGJ, tabela válida para junho/2026","Fatores oficiais ICGJ baseados em ORTN/OTN/BTN/TR/IPC-R/INPC, convertidos para base acumulada direta. Cobertura oficial até 06/2026."
2002-11,0.2527391234350077553000026032,DIRECT,"TJMG - Fatores de Atualização Monetária ICGJ, tabela válida para junho/2026","Fatores oficiais ICGJ baseados em ORTN/OTN/BTN/TR/IPC-R/INPC, convertidos para base acumulada direta. Cobertura oficial até 06/2026."
2002-12,0.2613069953999255222801711132,DIRECT,"TJMG - Fatores de Atualização Monetária ICGJ, tabela válida para junho/2026","Fatores oficiais ICGJ baseados em ORTN/OTN/BTN/TR/IPC-R/INPC, convertidos para base acumulada direta. Cobertura oficial até 06/2026."
2003-01,0.2683622437294880673533412414,DIRECT,"TJMG - Fatores de Atualização Monetária ICGJ, tabela válida para junho/2026","Fatores oficiais ICGJ baseados em ORTN/OTN/BTN/TR/IPC-R/INPC, convertidos para base acumulada direta. Cobertura oficial até 06/2026."
2003-02,0.2749908373053009873711007949,DIRECT,"TJMG - Fatores de Atualização Monetária ICGJ, tabela válida para junho/2026","Fatores oficiais ICGJ baseados em ORTN/OTN/BTN/TR/IPC-R/INPC, convertidos para base acumulada direta. Cobertura oficial até 06/2026."
2003-03,0.2790056739988892784118104218,DIRECT,"TJMG - Fatores de Atualização Monetária ICGJ, tabela válida para junho/2026","Fatores oficiais ICGJ baseados em ORTN/OTN/BTN/TR/IPC-R/INPC, convertidos para base acumulada direta. Cobertura oficial até 06/2026."
2003-04,0.2828280817060913928400600410,DIRECT,"TJMG - Fatores de Atualização Monetária ICGJ, tabela válida para junho/2026","Fatores oficiais ICGJ baseados em ORTN/OTN/BTN/TR/IPC-R/INPC, convertidos para base acumulada direta. Cobertura oficial até 06/2026."
2003-05,0.2867311572827921880096198303,DIRECT,"TJMG - Fatores de Atualização Monetária ICGJ, tabela válida para junho/2026","Fatores oficiais ICGJ baseados em ORTN/OTN/BTN/TR/IPC-R/INPC, convertidos para base acumulada direta. Cobertura oficial até 06/2026."
2003-06,0.2895697748922214058606779622,DIRECT,"TJMG - Fatores de Atualização Monetária ICGJ, tabela válida para junho/2026","Fatores oficiais ICGJ baseados em ORTN/OTN/BTN/TR/IPC-R/INPC, convertidos para base acumulada direta. Cobertura oficial até 06/2026."
2003-07,0.2893960316395523807396059653,DIRECT,"TJMG - Fatores de Atualização Monetária ICGJ, tabela válida para junho/2026","Fatores oficiais ICGJ baseados em ORTN/OTN/BTN/TR/IPC-R/INPC, convertidos para base acumulada direta. Cobertura oficial até 06/2026."
2003-08,0.2895117786274819808592761702,DIRECT,"TJMG - Fatores de Atualização Monetária ICGJ, tabela válida para junho/2026","Fatores oficiais ICGJ baseados em ORTN/OTN/BTN/TR/IPC-R/INPC, convertidos para base acumulada direta. Cobertura oficial até 06/2026."
2003-09,0.2900329341097669663683320232,DIRECT,"TJMG - Fatores de Atualização Monetária ICGJ, tabela válida para junho/2026","Fatores oficiais ICGJ baseados em ORTN/OTN/BTN/TR/IPC-R/INPC, convertidos para base acumulada direta. Cobertura oficial até 06/2026."
2003-10,0.2924111356710472973842303376,DIRECT,"TJMG - Fatores de Atualização Monetária ICGJ, tabela válida para junho/2026","Fatores oficiais ICGJ baseados em ORTN/OTN/BTN/TR/IPC-R/INPC, convertidos para base acumulada direta. Cobertura oficial até 06/2026."
2003-11,0.2935516018655908822402777984,DIRECT,"TJMG - Fatores de Atualização Monetária ICGJ, tabela válida para junho/2026","Fatores oficiais ICGJ baseados em ORTN/OTN/BTN/TR/IPC-R/INPC, convertidos para base acumulada direta. Cobertura oficial até 06/2026."
2003-12,0.2946377520176645939293662560,DIRECT,"TJMG - Fatores de Atualização Monetária ICGJ, tabela válida para junho/2026","Fatores oficiais ICGJ baseados em ORTN/OTN/BTN/TR/IPC-R/INPC, convertidos para base acumulada direta. Cobertura oficial até 06/2026."
2004-01,0.2962287385896022468594347535,DIRECT,"TJMG - Fatores de Atualização Monetária ICGJ, tabela válida para junho/2026","Fatores oficiais ICGJ baseados em ORTN/OTN/BTN/TR/IPC-R/INPC, convertidos para base acumulada direta. Cobertura oficial até 06/2026."
2004-02,0.2986874776171071460680332415,DIRECT,"TJMG - Fatores de Atualização Monetária ICGJ, tabela válida para junho/2026","Fatores oficiais ICGJ baseados em ORTN/OTN/BTN/TR/IPC-R/INPC, convertidos para base acumulada direta. Cobertura oficial até 06/2026."
2004-03,0.2998523047487729443985070714,DIRECT,"TJMG - Fatores de Atualização Monetária ICGJ, tabela válida para junho/2026","Fatores oficiais ICGJ baseados em ORTN/OTN/BTN/TR/IPC-R/INPC, convertidos para base acumulada direta. Cobertura oficial até 06/2026."
2004-04,0.3015615247783002599249250522,DIRECT,"TJMG - Fatores de Atualização Monetária ICGJ, tabela válida para junho/2026","Fatores oficiais ICGJ baseados em ORTN/OTN/BTN/TR/IPC-R/INPC, convertidos para base acumulada direta. Cobertura oficial até 06/2026."
2004-05,0.3027979285593707253448679158,DIRECT,"TJMG - Fatores de Atualização Monetária ICGJ, tabela válida para junho/2026","Fatores oficiais ICGJ baseados em ORTN/OTN/BTN/TR/IPC-R/INPC, convertidos para base acumulada direta. Cobertura oficial até 06/2026."
2004-06,0.3040090925471471741154011827,DIRECT,"TJMG - Fatores de Atualização Monetária ICGJ, tabela válida para junho/2026","Fatores oficiais ICGJ baseados em ORTN/OTN/BTN/TR/IPC-R/INPC, convertidos para base acumulada direta. Cobertura oficial até 06/2026."
2004-07,0.3055290865523572363403139397,DIRECT,"TJMG - Fatores de Atualização Monetária ICGJ, tabela válida para junho/2026","Fatores oficiais ICGJ baseados em ORTN/OTN/BTN/TR/IPC-R/INPC, convertidos para base acumulada direta. Cobertura oficial até 06/2026."
2004-08,0.3077594939572192760234888201,DIRECT,"TJMG - Fatores de Atualização Monetária ICGJ, tabela válida para junho/2026","Fatores oficiais ICGJ baseados em ORTN/OTN/BTN/TR/IPC-R/INPC, convertidos para base acumulada direta. Cobertura oficial até 06/2026."
2004-09,0.3092982508286950709890519863,DIRECT,"TJMG - Fatores de Atualização Monetária ICGJ, tabela válida para junho/2026","Fatores oficiais ICGJ baseados em ORTN/OTN/BTN/TR/IPC-R/INPC, convertidos para base acumulada direta. Cobertura oficial até 06/2026."
2004-10,0.3098239920883345380322892368,DIRECT,"TJMG - Fatores de Atualização Monetária ICGJ, tabela válida para junho/2026","Fatores oficiais ICGJ baseados em ORTN/OTN/BTN/TR/IPC-R/INPC, convertidos para base acumulada direta. Cobertura oficial até 06/2026."
2004-11,0.3103507916722827228676363494,DIRECT,"TJMG - Fatores de Atualização Monetária ICGJ, tabela válida para junho/2026","Fatores oficiais ICGJ baseados em ORTN/OTN/BTN/TR/IPC-R/INPC, convertidos para base acumulada direta. Cobertura oficial até 06/2026."
2004-12,0.3117163256749827387084657478,DIRECT,"TJMG - Fatores de Atualização Monetária ICGJ, tabela válida para junho/2026","Fatores oficiais ICGJ baseados em ORTN/OTN/BTN/TR/IPC-R/INPC, convertidos para base acumulada direta. Cobertura oficial até 06/2026."
2005-01,0.3143970323938353532923468594,DIRECT,"TJMG - Fatores de Atualização Monetária ICGJ, tabela válida para junho/2026","Fatores oficiais ICGJ baseados em ORTN/OTN/BTN/TR/IPC-R/INPC, convertidos para base acumulada direta. Cobertura oficial até 06/2026."
2005-02,0.3161891767432995402988797165,DIRECT,"TJMG - Fatores de Atualização Monetária ICGJ, tabela válida para junho/2026","Fatores oficiais ICGJ baseados em ORTN/OTN/BTN/TR/IPC-R/INPC, convertidos para base acumulada direta. Cobertura oficial até 06/2026."
2005-03,0.3175804233518536708819433839,DIRECT,"TJMG - Fatores de Atualização Monetária ICGJ, tabela válida para junho/2026","Fatores oficiais ICGJ baseados em ORTN/OTN/BTN/TR/IPC-R/INPC, convertidos para base acumulada direta. Cobertura oficial até 06/2026."
2005-04,0.3198987072733289731139531979,DIRECT,"TJMG - Fatores de Atualização Monetária ICGJ, tabela válida para junho/2026","Fatores oficiais ICGJ baseados em ORTN/OTN/BTN/TR/IPC-R/INPC, convertidos para base acumulada direta. Cobertura oficial até 06/2026."
2005-05,0.3228097984653234809200363329,DIRECT,"TJMG - Fatores de Atualização Monetária ICGJ, tabela válida para junho/2026","Fatores oficiais ICGJ baseados em ORTN/OTN/BTN/TR/IPC-R/INPC, convertidos para base acumulada direta. Cobertura oficial até 06/2026."
2005-06,0.3250694397083633020267624469,DIRECT,"TJMG - Fatores de Atualização Monetária ICGJ, tabela válida para junho/2026","Fatores oficiais ICGJ baseados em ORTN/OTN/BTN/TR/IPC-R/INPC, convertidos para base acumulada direta. Cobertura oficial até 06/2026."
2005-07,0.3247119391092378695818525251,DIRECT,"TJMG - Fatores de Atualização Monetária ICGJ, tabela válida para junho/2026","Fatores oficiais ICGJ baseados em ORTN/OTN/BTN/TR/IPC-R/INPC, convertidos para base acumulada direta. Cobertura oficial até 06/2026."
2005-08,0.3248092874148711398730456915,DIRECT,"TJMG - Fatores de Atualização Monetária ICGJ, tabela válida para junho/2026","Fatores oficiais ICGJ baseados em ORTN/OTN/BTN/TR/IPC-R/INPC, convertidos para base acumulada direta. Cobertura oficial até 06/2026."
2005-09,0.3248092874148711398730456915,DIRECT,"TJMG - Fatores de Atualização Monetária ICGJ, tabela válida para junho/2026","Fatores oficiais ICGJ baseados em ORTN/OTN/BTN/TR/IPC-R/INPC, convertidos para base acumulada direta. Cobertura oficial até 06/2026."
2005-10,0.3252965142786953163547636942,DIRECT,"TJMG - Fatores de Atualização Monetária ICGJ, tabela válida para junho/2026","Fatores oficiais ICGJ baseados em ORTN/OTN/BTN/TR/IPC-R/INPC, convertidos para base acumulada direta. Cobertura oficial até 06/2026."
2005-11,0.3271832801229711814676584726,DIRECT,"TJMG - Fatores de Atualização Monetária ICGJ, tabela válida para junho/2026","Fatores oficiais ICGJ baseados em ORTN/OTN/BTN/TR/IPC-R/INPC, convertidos para base acumulada direta. Cobertura oficial até 06/2026."
2005-12,0.3289500086777012289177584189,DIRECT,"TJMG - Fatores de Atualização Monetária ICGJ, tabela válida para junho/2026","Fatores oficiais ICGJ baseados em ORTN/OTN/BTN/TR/IPC-R/INPC, convertidos para base acumulada direta. Cobertura oficial até 06/2026."
2006-01,0.3302658679869198863515516353,DIRECT,"TJMG - Fatores de Atualização Monetária ICGJ, tabela válida para junho/2026","Fatores oficiais ICGJ baseados em ORTN/OTN/BTN/TR/IPC-R/INPC, convertidos para base acumulada direta. Cobertura oficial até 06/2026."
2006-02,0.3315207656485343483526716579,DIRECT,"TJMG - Fatores de Atualização Monetária ICGJ, tabela válida para junho/2026","Fatores oficiais ICGJ baseados em ORTN/OTN/BTN/TR/IPC-R/INPC, convertidos para base acumulada direta. Cobertura oficial até 06/2026."
2006-03,0.3322833511719650410002765594,DIRECT,"TJMG - Fatores de Atualização Monetária ICGJ, tabela válida para junho/2026","Fatores oficiais ICGJ baseados em ORTN/OTN/BTN/TR/IPC-R/INPC, convertidos para base acumulada direta. Cobertura oficial até 06/2026."
2006-04,0.3331804479317923648768368488,DIRECT,"TJMG - Fatores de Atualização Monetária ICGJ, tabela válida para junho/2026","Fatores oficiais ICGJ baseados em ORTN/OTN/BTN/TR/IPC-R/INPC, convertidos para base acumulada direta. Cobertura oficial até 06/2026."
2006-05,0.3335802716891224010093872157,DIRECT,"TJMG - Fatores de Atualização Monetária ICGJ, tabela válida para junho/2026","Fatores oficiais ICGJ baseados em ORTN/OTN/BTN/TR/IPC-R/INPC, convertidos para base acumulada direta. Cobertura oficial até 06/2026."
2006-06,0.3340139647230483129823078147,DIRECT,"TJMG - Fatores de Atualização Monetária ICGJ, tabela válida para junho/2026","Fatores oficiais ICGJ baseados em ORTN/OTN/BTN/TR/IPC-R/INPC, convertidos para base acumulada direta. Cobertura oficial até 06/2026."
2006-07,0.3337801314172484621247335016,DIRECT,"TJMG - Fatores de Atualização Monetária ICGJ, tabela válida para junho/2026","Fatores oficiais ICGJ baseados em ORTN/OTN/BTN/TR/IPC-R/INPC, convertidos para base acumulada direta. Cobertura oficial até 06/2026."
2006-08,0.3341472826992604618924571698,DIRECT,"TJMG - Fatores de Atualização Monetária ICGJ, tabela válida para junho/2026","Fatores oficiais ICGJ baseados em ORTN/OTN/BTN/TR/IPC-R/INPC, convertidos para base acumulada direta. Cobertura oficial até 06/2026."
2006-09,0.3340804820594271047579842479,DIRECT,"TJMG - Fatores de Atualização Monetária ICGJ, tabela válida para junho/2026","Fatores oficiais ICGJ baseados em ORTN/OTN/BTN/TR/IPC-R/INPC, convertidos para base acumulada direta. Cobertura oficial até 06/2026."
2006-10,0.3346149980063638418780842301,DIRECT,"TJMG - Fatores de Atualização Monetária ICGJ, tabela válida para junho/2026","Fatores oficiais ICGJ baseados em ORTN/OTN/BTN/TR/IPC-R/INPC, convertidos para base acumulada direta. Cobertura oficial até 06/2026."
2006-11,0.3360538234557369058812040325,DIRECT,"TJMG - Fatores de Atualização Monetária ICGJ, tabela válida para junho/2026","Fatores oficiais ICGJ baseados em ORTN/OTN/BTN/TR/IPC-R/INPC, convertidos para base acumulada direta. Cobertura oficial até 06/2026."
2006-12,0.3374652693399742898709900647,DIRECT,"TJMG - Fatores de Atualização Monetária ICGJ, tabela válida para junho/2026","Fatores oficiais ICGJ baseados em ORTN/OTN/BTN/TR/IPC-R/INPC, convertidos para base acumulada direta. Cobertura oficial até 06/2026."
2007-01,0.3395575707467349756895455012,DIRECT,"TJMG - Fatores de Atualização Monetária ICGJ, tabela válida para junho/2026","Fatores oficiais ICGJ baseados em ORTN/OTN/BTN/TR/IPC-R/INPC, convertidos para base acumulada direta. Cobertura oficial até 06/2026."
2007-02,0.3412214054329613394441537428,DIRECT,"TJMG - Fatores de Atualização Monetária ICGJ, tabela válida para junho/2026","Fatores oficiais ICGJ baseados em ORTN/OTN/BTN/TR/IPC-R/INPC, convertidos para base acumulada direta. Cobertura oficial até 06/2026."
2007-03,0.3426544715483369984797791715,DIRECT,"TJMG - Fatores de Atualização Monetária ICGJ, tabela válida para junho/2026","Fatores oficiais ICGJ baseados em ORTN/OTN/BTN/TR/IPC-R/INPC, convertidos para base acumulada direta. Cobertura oficial até 06/2026."
2007-04,0.3441621901490593978510788177,DIRECT,"TJMG - Fatores de Atualização Monetária ICGJ, tabela válida para junho/2026","Fatores oficiais ICGJ baseados em ORTN/OTN/BTN/TR/IPC-R/INPC, convertidos para base acumulada direta. Cobertura oficial até 06/2026."
2007-05,0.3450570729574527721246885817,DIRECT,"TJMG - Fatores de Atualização Monetária ICGJ, tabela válida para junho/2026","Fatores oficiais ICGJ baseados em ORTN/OTN/BTN/TR/IPC-R/INPC, convertidos para base acumulada direta. Cobertura oficial até 06/2026."
2007-06,0.3459540842820259209557189151,DIRECT,"TJMG - Fatores de Atualização Monetária ICGJ, tabela válida para junho/2026","Fatores oficiais ICGJ baseados em ORTN/OTN/BTN/TR/IPC-R/INPC, convertidos para base acumulada direta. Cobertura oficial até 06/2026."
2007-07,0.3470265859843735316437580536,DIRECT,"TJMG - Fatores de Atualização Monetária ICGJ, tabela válida para junho/2026","Fatores oficiais ICGJ baseados em ORTN/OTN/BTN/TR/IPC-R/INPC, convertidos para base acumulada direta. Cobertura oficial até 06/2026."
2007-08,0.3481371096229796950771497945,DIRECT,"TJMG - Fatores de Atualização Monetária ICGJ, tabela válida para junho/2026","Fatores oficiais ICGJ baseados em ORTN/OTN/BTN/TR/IPC-R/INPC, convertidos para base acumulada direta. Cobertura oficial até 06/2026."
2007-09,0.3501912359320301223295029182,DIRECT,"TJMG - Fatores de Atualização Monetária ICGJ, tabela válida para junho/2026","Fatores oficiais ICGJ baseados em ORTN/OTN/BTN/TR/IPC-R/INPC, convertidos para base acumulada direta. Cobertura oficial até 06/2026."
2007-10,0.3510665348669277033588887537,DIRECT,"TJMG - Fatores de Atualização Monetária ICGJ, tabela válida para junho/2026","Fatores oficiais ICGJ baseados em ORTN/OTN/BTN/TR/IPC-R/INPC, convertidos para base acumulada direta. Cobertura oficial até 06/2026."
2007-11,0.3521198300402089155121214963,DIRECT,"TJMG - Fatores de Atualização Monetária ICGJ, tabela válida para junho/2026","Fatores oficiais ICGJ baseados em ORTN/OTN/BTN/TR/IPC-R/INPC, convertidos para base acumulada direta. Cobertura oficial até 06/2026."
2007-12,0.3536338995153518133922006468,DIRECT,"TJMG - Fatores de Atualização Monetária ICGJ, tabela válida para junho/2026","Fatores oficiais ICGJ baseados em ORTN/OTN/BTN/TR/IPC-R/INPC, convertidos para base acumulada direta. Cobertura oficial até 06/2026."
2008-01,0.3570640862549715371719603143,DIRECT,"TJMG - Fatores de Atualização Monetária ICGJ, tabela válida para junho/2026","Fatores oficiais ICGJ baseados em ORTN/OTN/BTN/TR/IPC-R/INPC, convertidos para base acumulada direta. Cobertura oficial até 06/2026."
2008-02,0.3595279268889893889287185911,DIRECT,"TJMG - Fatores de Atualização Monetária ICGJ, tabela válida para junho/2026","Fatores oficiais ICGJ baseados em ORTN/OTN/BTN/TR/IPC-R/INPC, convertidos para base acumulada direta. Cobertura oficial até 06/2026."
2008-03,0.3612536005694801759377285493,DIRECT,"TJMG - Fatores de Atualização Monetária ICGJ, tabela válida para junho/2026","Fatores oficiais ICGJ baseados em ORTN/OTN/BTN/TR/IPC-R/INPC, convertidos para base acumulada direta. Cobertura oficial até 06/2026."
2008-04,0.3630960371226483585898700635,DIRECT,"TJMG - Fatores de Atualização Monetária ICGJ, tabela válida para junho/2026","Fatores oficiais ICGJ baseados em ORTN/OTN/BTN/TR/IPC-R/INPC, convertidos para base acumulada direta. Cobertura oficial até 06/2026."
2008-05,0.3654198516965457080671036552,DIRECT,"TJMG - Fatores de Atualização Monetária ICGJ, tabela válida para junho/2026","Fatores oficiais ICGJ baseados em ORTN/OTN/BTN/TR/IPC-R/INPC, convertidos para base acumulada direta. Cobertura oficial até 06/2026."
2008-06,0.3689279440929544945089502657,DIRECT,"TJMG - Fatores de Atualização Monetária ICGJ, tabela válida para junho/2026","Fatores oficiais ICGJ baseados em ORTN/OTN/BTN/TR/IPC-R/INPC, convertidos para base acumulada direta. Cobertura oficial até 06/2026."
2008-07,0.3722851708876421389436013654,DIRECT,"TJMG - Fatores de Atualização Monetária ICGJ, tabela válida para junho/2026","Fatores oficiais ICGJ baseados em ORTN/OTN/BTN/TR/IPC-R/INPC, convertidos para base acumulada direta. Cobertura oficial até 06/2026."
2008-08,0.3744443807056898620981256962,DIRECT,"TJMG - Fatores de Atualização Monetária ICGJ, tabela válida para junho/2026","Fatores oficiais ICGJ baseados em ORTN/OTN/BTN/TR/IPC-R/INPC, convertidos para base acumulada direta. Cobertura oficial até 06/2026."
2008-09,0.3752306355101162929794798373,DIRECT,"TJMG - Fatores de Atualização Monetária ICGJ, tabela válida para junho/2026","Fatores oficiais ICGJ baseados em ORTN/OTN/BTN/TR/IPC-R/INPC, convertidos para base acumulada direta. Cobertura oficial até 06/2026."
2008-10,0.3757936009264364484919252477,DIRECT,"TJMG - Fatores de Atualização Monetária ICGJ, tabela válida para junho/2026","Fatores oficiais ICGJ baseados em ORTN/OTN/BTN/TR/IPC-R/INPC, convertidos para base acumulada direta. Cobertura oficial até 06/2026."
2008-11,0.3776725003094081958784826645,DIRECT,"TJMG - Fatores de Atualização Monetária ICGJ, tabela válida para junho/2026","Fatores oficiais ICGJ baseados em ORTN/OTN/BTN/TR/IPC-R/INPC, convertidos para base acumulada direta. Cobertura oficial até 06/2026."
2008-12,0.3791077222082099795786043278,DIRECT,"TJMG - Fatores de Atualização Monetária ICGJ, tabela válida para junho/2026","Fatores oficiais ICGJ baseados em ORTN/OTN/BTN/TR/IPC-R/INPC, convertidos para base acumulada direta. Cobertura oficial até 06/2026."
2009-01,0.3802071026108631632736667990,DIRECT,"TJMG - Fatores de Atualização Monetária ICGJ, tabela válida para junho/2026","Fatores oficiais ICGJ baseados em ORTN/OTN/BTN/TR/IPC-R/INPC, convertidos para base acumulada direta. Cobertura oficial até 06/2026."
2009-02,0.3826404594685414824731154900,DIRECT,"TJMG - Fatores de Atualização Monetária ICGJ, tabela válida para junho/2026","Fatores oficiais ICGJ baseados em ORTN/OTN/BTN/TR/IPC-R/INPC, convertidos para base acumulada direta. Cobertura oficial até 06/2026."
2009-03,0.3838267240354559168674304332,DIRECT,"TJMG - Fatores de Atualização Monetária ICGJ, tabela válida para junho/2026","Fatores oficiais ICGJ baseados em ORTN/OTN/BTN/TR/IPC-R/INPC, convertidos para base acumulada direta. Cobertura oficial até 06/2026."
2009-04,0.3845943058890041603489039543,DIRECT,"TJMG - Fatores de Atualização Monetária ICGJ, tabela válida para junho/2026","Fatores oficiais ICGJ baseados em ORTN/OTN/BTN/TR/IPC-R/INPC, convertidos para base acumulada direta. Cobertura oficial até 06/2026."
2009-05,0.3867096404199744036889006019,DIRECT,"TJMG - Fatores de Atualização Monetária ICGJ, tabela válida para junho/2026","Fatores oficiais ICGJ baseados em ORTN/OTN/BTN/TR/IPC-R/INPC, convertidos para base acumulada direta. Cobertura oficial até 06/2026."
2009-06,0.3890297349431487506543480142,DIRECT,"TJMG - Fatores de Atualização Monetária ICGJ, tabela válida para junho/2026","Fatores oficiais ICGJ baseados em ORTN/OTN/BTN/TR/IPC-R/INPC, convertidos para base acumulada direta. Cobertura oficial até 06/2026."
2009-07,0.3906637611700535912547573080,DIRECT,"TJMG - Fatores de Atualização Monetária ICGJ, tabela válida para junho/2026","Fatores oficiais ICGJ baseados em ORTN/OTN/BTN/TR/IPC-R/INPC, convertidos para base acumulada direta. Cobertura oficial até 06/2026."
2009-08,0.3915622256005340908757191285,DIRECT,"TJMG - Fatores de Atualização Monetária ICGJ, tabela válida para junho/2026","Fatores oficiais ICGJ baseados em ORTN/OTN/BTN/TR/IPC-R/INPC, convertidos para base acumulada direta. Cobertura oficial até 06/2026."
2009-09,0.3918755575654417485800879016,DIRECT,"TJMG - Fatores de Atualização Monetária ICGJ, tabela válida para junho/2026","Fatores oficiais ICGJ baseados em ORTN/OTN/BTN/TR/IPC-R/INPC, convertidos para base acumulada direta. Cobertura oficial até 06/2026."
2009-10,0.3925024342019713120755846648,DIRECT,"TJMG - Fatores de Atualização Monetária ICGJ, tabela válida para junho/2026","Fatores oficiais ICGJ baseados em ORTN/OTN/BTN/TR/IPC-R/INPC, convertidos para base acumulada direta. Cobertura oficial até 06/2026."
2009-11,0.3934443979655462314479163027,DIRECT,"TJMG - Fatores de Atualização Monetária ICGJ, tabela válida para junho/2026","Fatores oficiais ICGJ baseados em ORTN/OTN/BTN/TR/IPC-R/INPC, convertidos para base acumulada direta. Cobertura oficial até 06/2026."
2009-12,0.3949003048511883359718597202,DIRECT,"TJMG - Fatores de Atualização Monetária ICGJ, tabela válida para junho/2026","Fatores oficiais ICGJ baseados em ORTN/OTN/BTN/TR/IPC-R/INPC, convertidos para base acumulada direta. Cobertura oficial até 06/2026."
2010-01,0.3958479665131621032257492452,DIRECT,"TJMG - Fatores de Atualização Monetária ICGJ, tabela válida para junho/2026","Fatores oficiais ICGJ baseados em ORTN/OTN/BTN/TR/IPC-R/INPC, convertidos para base acumulada direta. Cobertura oficial até 06/2026."
2010-02,0.3993314711974389435158811930,DIRECT,"TJMG - Fatores de Atualização Monetária ICGJ, tabela válida para junho/2026","Fatores oficiais ICGJ baseados em ORTN/OTN/BTN/TR/IPC-R/INPC, convertidos para base acumulada direta. Cobertura oficial até 06/2026."
2010-03,0.4021268003920575453102404244,DIRECT,"TJMG - Fatores de Atualização Monetária ICGJ, tabela válida para junho/2026","Fatores oficiais ICGJ baseados em ORTN/OTN/BTN/TR/IPC-R/INPC, convertidos para base acumulada direta. Cobertura oficial até 06/2026."
2010-04,0.4049818436514944943730810188,DIRECT,"TJMG - Fatores de Atualização Monetária ICGJ, tabela válida para junho/2026","Fatores oficiais ICGJ baseados em ORTN/OTN/BTN/TR/IPC-R/INPC, convertidos para base acumulada direta. Cobertura oficial até 06/2026."
2010-05,0.4079382665389493541786524029,DIRECT,"TJMG - Fatores de Atualização Monetária ICGJ, tabela válida para junho/2026","Fatores oficiais ICGJ baseados em ORTN/OTN/BTN/TR/IPC-R/INPC, convertidos para base acumulada direta. Cobertura oficial até 06/2026."
2010-06,0.4096922535183858616842079819,DIRECT,"TJMG - Fatores de Atualização Monetária ICGJ, tabela válida para junho/2026","Fatores oficiais ICGJ baseados em ORTN/OTN/BTN/TR/IPC-R/INPC, convertidos para base acumulada direta. Cobertura oficial até 06/2026."
2010-07,0.4092414746099836667635068409,DIRECT,"TJMG - Fatores de Atualização Monetária ICGJ, tabela válida para junho/2026","Fatores oficiais ICGJ baseados em ORTN/OTN/BTN/TR/IPC-R/INPC, convertidos para base acumulada direta. Cobertura oficial até 06/2026."
2010-08,0.4089551861590589483136671555,DIRECT,"TJMG - Fatores de Atualização Monetária ICGJ, tabela válida para junho/2026","Fatores oficiais ICGJ baseados em ORTN/OTN/BTN/TR/IPC-R/INPC, convertidos para base acumulada direta. Cobertura oficial até 06/2026."
2010-09,0.4086689472573491345454236352,DIRECT,"TJMG - Fatores de Atualização Monetária ICGJ, tabela válida para junho/2026","Fatores oficiais ICGJ baseados em ORTN/OTN/BTN/TR/IPC-R/INPC, convertidos para base acumulada direta. Cobertura oficial até 06/2026."
2010-10,0.4108758171395532317149784040,DIRECT,"TJMG - Fatores de Atualização Monetária ICGJ, tabela válida para junho/2026","Fatores oficiais ICGJ baseados em ORTN/OTN/BTN/TR/IPC-R/INPC, convertidos para base acumulada direta. Cobertura oficial até 06/2026."
2010-11,0.4146557418147682213312928954,DIRECT,"TJMG - Fatores de Atualização Monetária ICGJ, tabela válida para junho/2026","Fatores oficiais ICGJ baseados em ORTN/OTN/BTN/TR/IPC-R/INPC, convertidos para base acumulada direta. Cobertura oficial até 06/2026."
2010-12,0.4189267239766803601244932924,DIRECT,"TJMG - Fatores de Atualização Monetária ICGJ, tabela válida para junho/2026","Fatores oficiais ICGJ baseados em ORTN/OTN/BTN/TR/IPC-R/INPC, convertidos para base acumulada direta. Cobertura oficial até 06/2026."
2011-01,0.4214403922295157633035667175,DIRECT,"TJMG - Fatores de Atualização Monetária ICGJ, tabela válida para junho/2026","Fatores oficiais ICGJ baseados em ORTN/OTN/BTN/TR/IPC-R/INPC, convertidos para base acumulada direta. Cobertura oficial até 06/2026."
2011-02,0.4254019229272961313396106492,DIRECT,"TJMG - Fatores de Atualização Monetária ICGJ, tabela válida para junho/2026","Fatores oficiais ICGJ baseados em ORTN/OTN/BTN/TR/IPC-R/INPC, convertidos para base acumulada direta. Cobertura oficial até 06/2026."
2011-03,0.4276990203297319935290849020,DIRECT,"TJMG - Fatores de Atualização Monetária ICGJ, tabela válida para junho/2026","Fatores oficiais ICGJ baseados em ORTN/OTN/BTN/TR/IPC-R/INPC, convertidos para base acumulada direta. Cobertura oficial até 06/2026."
2011-04,0.4305218462929378272638722211,DIRECT,"TJMG - Fatores de Atualização Monetária ICGJ, tabela válida para junho/2026","Fatores oficiais ICGJ baseados em ORTN/OTN/BTN/TR/IPC-R/INPC, convertidos para base acumulada direta. Cobertura oficial até 06/2026."
2011-05,0.4336215774953523355270104398,DIRECT,"TJMG - Fatores de Atualização Monetária ICGJ, tabela válida para junho/2026","Fatores oficiais ICGJ baseados em ORTN/OTN/BTN/TR/IPC-R/INPC, convertidos para base acumulada direta. Cobertura oficial até 06/2026."
2011-06,0.4360932205078767811627963466,DIRECT,"TJMG - Fatores de Atualização Monetária ICGJ, tabela válida para junho/2026","Fatores oficiais ICGJ baseados em ORTN/OTN/BTN/TR/IPC-R/INPC, convertidos para base acumulada direta. Cobertura oficial até 06/2026."
2011-07,0.4370527939233578101836884817,DIRECT,"TJMG - Fatores de Atualização Monetária ICGJ, tabela válida para junho/2026","Fatores oficiais ICGJ baseados em ORTN/OTN/BTN/TR/IPC-R/INPC, convertidos para base acumulada direta. Cobertura oficial até 06/2026."
2011-08,0.4370527939233578101836884817,DIRECT,"TJMG - Fatores de Atualização Monetária ICGJ, tabela válida para junho/2026","Fatores oficiais ICGJ baseados em ORTN/OTN/BTN/TR/IPC-R/INPC, convertidos para base acumulada direta. Cobertura oficial até 06/2026."
2011-09,0.4388883327198405922464494921,DIRECT,"TJMG - Fatores de Atualização Monetária ICGJ, tabela válida para junho/2026","Fatores oficiais ICGJ baseados em ORTN/OTN/BTN/TR/IPC-R/INPC, convertidos para base acumulada direta. Cobertura oficial até 06/2026."
2011-10,0.4408633992252178449336176550,DIRECT,"TJMG - Fatores de Atualização Monetária ICGJ, tabela válida para junho/2026","Fatores oficiais ICGJ baseados em ORTN/OTN/BTN/TR/IPC-R/INPC, convertidos para base acumulada direta. Cobertura oficial até 06/2026."
2011-11,0.4422740190948269552038779294,DIRECT,"TJMG - Fatores de Atualização Monetária ICGJ, tabela válida para junho/2026","Fatores oficiais ICGJ baseados em ORTN/OTN/BTN/TR/IPC-R/INPC, convertidos para base acumulada direta. Cobertura oficial até 06/2026."
2011-12,0.4447951011335069398266064153,DIRECT,"TJMG - Fatores de Atualização Monetária ICGJ, tabela válida para junho/2026","Fatores oficiais ICGJ baseados em ORTN/OTN/BTN/TR/IPC-R/INPC, convertidos para base acumulada direta. Cobertura oficial até 06/2026."
2012-01,0.4470633614855092905578340388,DIRECT,"TJMG - Fatores de Atualização Monetária ICGJ, tabela válida para junho/2026","Fatores oficiais ICGJ baseados em ORTN/OTN/BTN/TR/IPC-R/INPC, convertidos para base acumulada direta. Cobertura oficial até 06/2026."
2012-02,0.4493435472716376554745523943,DIRECT,"TJMG - Fatores de Atualização Monetária ICGJ, tabela válida para junho/2026","Fatores oficiais ICGJ baseados em ORTN/OTN/BTN/TR/IPC-R/INPC, convertidos para base acumulada direta. Cobertura oficial até 06/2026."
2012-03,0.4510959240145155450813086870,DIRECT,"TJMG - Fatores de Atualização Monetária ICGJ, tabela válida para junho/2026","Fatores oficiais ICGJ baseados em ORTN/OTN/BTN/TR/IPC-R/INPC, convertidos para base acumulada direta. Cobertura oficial até 06/2026."
2012-04,0.4519080983422519656081668470,DIRECT,"TJMG - Fatores de Atualização Monetária ICGJ, tabela válida para junho/2026","Fatores oficiais ICGJ baseados em ORTN/OTN/BTN/TR/IPC-R/INPC, convertidos para base acumulada direta. Cobertura oficial até 06/2026."
2012-05,0.4548001426253247273018344819,DIRECT,"TJMG - Fatores de Atualização Monetária ICGJ, tabela válida para junho/2026","Fatores oficiais ICGJ baseados em ORTN/OTN/BTN/TR/IPC-R/INPC, convertidos para base acumulada direta. Cobertura oficial até 06/2026."
2012-06,0.4573015486196832921540910494,DIRECT,"TJMG - Fatores de Atualização Monetária ICGJ, tabela válida para junho/2026","Fatores oficiais ICGJ baseados em ORTN/OTN/BTN/TR/IPC-R/INPC, convertidos para base acumulada direta. Cobertura oficial até 06/2026."
2012-07,0.4584906414724225215004601412,DIRECT,"TJMG - Fatores de Atualização Monetária ICGJ, tabela válida para junho/2026","Fatores oficiais ICGJ baseados em ORTN/OTN/BTN/TR/IPC-R/INPC, convertidos para base acumulada direta. Cobertura oficial até 06/2026."
2012-08,0.4604620995027285602630233186,DIRECT,"TJMG - Fatores de Atualização Monetária ICGJ, tabela válida para junho/2026","Fatores oficiais ICGJ baseados em ORTN/OTN/BTN/TR/IPC-R/INPC, convertidos para base acumulada direta. Cobertura oficial até 06/2026."
2012-09,0.4625340482876295731319521758,DIRECT,"TJMG - Fatores de Atualização Monetária ICGJ, tabela válida para junho/2026","Fatores oficiais ICGJ baseados em ORTN/OTN/BTN/TR/IPC-R/INPC, convertidos para base acumulada direta. Cobertura oficial até 06/2026."
2012-10,0.4654478944580143192252042641,DIRECT,"TJMG - Fatores de Atualização Monetária ICGJ, tabela válida para junho/2026","Fatores oficiais ICGJ baseados em ORTN/OTN/BTN/TR/IPC-R/INPC, convertidos para base acumulada direta. Cobertura oficial até 06/2026."
2012-11,0.4687527978682622761904610118,DIRECT,"TJMG - Fatores de Atualização Monetária ICGJ, tabela válida para junho/2026","Fatores oficiais ICGJ baseados em ORTN/OTN/BTN/TR/IPC-R/INPC, convertidos para base acumulada direta. Cobertura oficial até 06/2026."
2012-12,0.4712840057330756729417189462,DIRECT,"TJMG - Fatores de Atualização Monetária ICGJ, tabela válida para junho/2026","Fatores oficiais ICGJ baseados em ORTN/OTN/BTN/TR/IPC-R/INPC, convertidos para base acumulada direta. Cobertura oficial até 06/2026."
2013-01,0.4747716099301140937898971355,DIRECT,"TJMG - Fatores de Atualização Monetária ICGJ, tabela válida para junho/2026","Fatores oficiais ICGJ baseados em ORTN/OTN/BTN/TR/IPC-R/INPC, convertidos para base acumulada direta. Cobertura oficial até 06/2026."
2013-02,0.4791393736900928447529974241,DIRECT,"TJMG - Fatores de Atualização Monetária ICGJ, tabela válida para junho/2026","Fatores oficiais ICGJ baseados em ORTN/OTN/BTN/TR/IPC-R/INPC, convertidos para base acumulada direta. Cobertura oficial até 06/2026."
2013-03,0.4816307477693031101690841801,DIRECT,"TJMG - Fatores de Atualização Monetária ICGJ, tabela válida para junho/2026","Fatores oficiais ICGJ baseados em ORTN/OTN/BTN/TR/IPC-R/INPC, convertidos para base acumulada direta. Cobertura oficial até 06/2026."
2013-04,0.4845207726168240147875739803,DIRECT,"TJMG - Fatores de Atualização Monetária ICGJ, tabela válida para junho/2026","Fatores oficiais ICGJ baseados em ORTN/OTN/BTN/TR/IPC-R/INPC, convertidos para base acumulada direta. Cobertura oficial até 06/2026."
2013-05,0.4873795739902872074217771624,DIRECT,"TJMG - Fatores de Atualização Monetária ICGJ, tabela válida para junho/2026","Fatores oficiais ICGJ baseados em ORTN/OTN/BTN/TR/IPC-R/INPC, convertidos para base acumulada direta. Cobertura oficial até 06/2026."
2013-06,0.4890852555321289152436282829,DIRECT,"TJMG - Fatores de Atualização Monetária ICGJ, tabela válida para junho/2026","Fatores oficiais ICGJ baseados em ORTN/OTN/BTN/TR/IPC-R/INPC, convertidos para base acumulada direta. Cobertura oficial até 06/2026."
2013-07,0.4904546490073565745077858449,DIRECT,"TJMG - Fatores de Atualização Monetária ICGJ, tabela válida para junho/2026","Fatores oficiais ICGJ baseados em ORTN/OTN/BTN/TR/IPC-R/INPC, convertidos para base acumulada direta. Cobertura oficial até 06/2026."
2013-08,0.4898170224836299477458302244,DIRECT,"TJMG - Fatores de Atualização Monetária ICGJ, tabela válida para junho/2026","Fatores oficiais ICGJ baseados em ORTN/OTN/BTN/TR/IPC-R/INPC, convertidos para base acumulada direta. Cobertura oficial até 06/2026."
2013-09,0.4906008241112643421018418627,DIRECT,"TJMG - Fatores de Atualização Monetária ICGJ, tabela válida para junho/2026","Fatores oficiais ICGJ baseados em ORTN/OTN/BTN/TR/IPC-R/INPC, convertidos para base acumulada direta. Cobertura oficial até 06/2026."
2013-10,0.4919253890859268705684286417,DIRECT,"TJMG - Fatores de Atualização Monetária ICGJ, tabela válida para junho/2026","Fatores oficiais ICGJ baseados em ORTN/OTN/BTN/TR/IPC-R/INPC, convertidos para base acumulada direta. Cobertura oficial até 06/2026."
2013-11,0.4949262879058475986349735009,DIRECT,"TJMG - Fatores de Atualização Monetária ICGJ, tabela válida para junho/2026","Fatores oficiais ICGJ baseados em ORTN/OTN/BTN/TR/IPC-R/INPC, convertidos para base acumulada direta. Cobertura oficial até 06/2026."
2013-12,0.4975988615734205378655566497,DIRECT,"TJMG - Fatores de Atualização Monetária ICGJ, tabela válida para junho/2026","Fatores oficiais ICGJ baseados em ORTN/OTN/BTN/TR/IPC-R/INPC, convertidos para base acumulada direta. Cobertura oficial até 06/2026."
2014-01,0.5011815857064615537591425545,DIRECT,"TJMG - Fatores de Atualização Monetária ICGJ, tabela válida para junho/2026","Fatores oficiais ICGJ baseados em ORTN/OTN/BTN/TR/IPC-R/INPC, convertidos para base acumulada direta. Cobertura oficial até 06/2026."
2014-02,0.5043389541069203626096212238,DIRECT,"TJMG - Fatores de Atualização Monetária ICGJ, tabela válida para junho/2026","Fatores oficiais ICGJ baseados em ORTN/OTN/BTN/TR/IPC-R/INPC, convertidos para base acumulada direta. Cobertura oficial até 06/2026."
2014-03,0.5075668574678159469182519925,DIRECT,"TJMG - Fatores de Atualização Monetária ICGJ, tabela válida para junho/2026","Fatores oficiais ICGJ baseados em ORTN/OTN/BTN/TR/IPC-R/INPC, convertidos para base acumulada direta. Cobertura oficial até 06/2026."
2014-04,0.5117289294078129544792554303,DIRECT,"TJMG - Fatores de Atualização Monetária ICGJ, tabela válida para junho/2026","Fatores oficiais ICGJ baseados em ORTN/OTN/BTN/TR/IPC-R/INPC, convertidos para base acumulada direta. Cobertura oficial até 06/2026."
2014-05,0.5157202357996690932679015003,DIRECT,"TJMG - Fatores de Atualização Monetária ICGJ, tabela válida para junho/2026","Fatores oficiais ICGJ baseados em ORTN/OTN/BTN/TR/IPC-R/INPC, convertidos para base acumulada direta. Cobertura oficial até 06/2026."
2014-06,0.5188146040915379885391778698,DIRECT,"TJMG - Fatores de Atualização Monetária ICGJ, tabela válida para junho/2026","Fatores oficiais ICGJ baseados em ORTN/OTN/BTN/TR/IPC-R/INPC, convertidos para base acumulada direta. Cobertura oficial até 06/2026."
2014-07,0.5201634062130814022440265475,DIRECT,"TJMG - Fatores de Atualização Monetária ICGJ, tabela válida para junho/2026","Fatores oficiais ICGJ baseados em ORTN/OTN/BTN/TR/IPC-R/INPC, convertidos para base acumulada direta. Cobertura oficial até 06/2026."
2014-08,0.5208396539395504122523986880,DIRECT,"TJMG - Fatores de Atualização Monetária ICGJ, tabela válida para junho/2026","Fatores oficiais ICGJ baseados em ORTN/OTN/BTN/TR/IPC-R/INPC, convertidos para base acumulada direta. Cobertura oficial até 06/2026."
2014-09,0.5217770704335910059825393565,DIRECT,"TJMG - Fatores de Atualização Monetária ICGJ, tabela válida para junho/2026","Fatores oficiais ICGJ baseados em ORTN/OTN/BTN/TR/IPC-R/INPC, convertidos para base acumulada direta. Cobertura oficial até 06/2026."
2014-10,0.5243340276214971078783704453,DIRECT,"TJMG - Fatores de Atualização Monetária ICGJ, tabela válida para junho/2026","Fatores oficiais ICGJ baseados em ORTN/OTN/BTN/TR/IPC-R/INPC, convertidos para base acumulada direta. Cobertura oficial até 06/2026."
2014-11,0.5263265099136492938040369559,DIRECT,"TJMG - Fatores de Atualização Monetária ICGJ, tabela válida para junho/2026","Fatores oficiais ICGJ baseados em ORTN/OTN/BTN/TR/IPC-R/INPC, convertidos para base acumulada direta. Cobertura oficial até 06/2026."
2014-12,0.5291157866721553610937458249,DIRECT,"TJMG - Fatores de Atualização Monetária ICGJ, tabela válida para junho/2026","Fatores oficiais ICGJ baseados em ORTN/OTN/BTN/TR/IPC-R/INPC, convertidos para base acumulada direta. Cobertura oficial até 06/2026."
2015-01,0.5323965142296544538988008993,DIRECT,"TJMG - Fatores de Atualização Monetária ICGJ, tabela válida para junho/2026","Fatores oficiais ICGJ baseados em ORTN/OTN/BTN/TR/IPC-R/INPC, convertidos para base acumulada direta. Cobertura oficial até 06/2026."
2015-02,0.5402758345856927179029690534,DIRECT,"TJMG - Fatores de Atualização Monetária ICGJ, tabela válida para junho/2026","Fatores oficiais ICGJ baseados em ORTN/OTN/BTN/TR/IPC-R/INPC, convertidos para base acumulada direta. Cobertura oficial até 06/2026."
2015-03,0.5465431799718595847496088937,DIRECT,"TJMG - Fatores de Atualização Monetária ICGJ, tabela válida para junho/2026","Fatores oficiais ICGJ baseados em ORTN/OTN/BTN/TR/IPC-R/INPC, convertidos para base acumulada direta. Cobertura oficial até 06/2026."
2015-04,0.5547958243181323530904818174,DIRECT,"TJMG - Fatores de Atualização Monetária ICGJ, tabela válida para junho/2026","Fatores oficiais ICGJ baseados em ORTN/OTN/BTN/TR/IPC-R/INPC, convertidos para base acumulada direta. Cobertura oficial até 06/2026."
2015-05,0.5587349124113182931207160747,DIRECT,"TJMG - Fatores de Atualização Monetária ICGJ, tabela válida para junho/2026","Fatores oficiais ICGJ baseados em ORTN/OTN/BTN/TR/IPC-R/INPC, convertidos para base acumulada direta. Cobertura oficial até 06/2026."
2015-06,0.5642663228704814681397177585,DIRECT,"TJMG - Fatores de Atualização Monetária ICGJ, tabela válida para junho/2026","Fatores oficiais ICGJ baseados em ORTN/OTN/BTN/TR/IPC-R/INPC, convertidos para base acumulada direta. Cobertura oficial até 06/2026."
2015-07,0.5686114428958880408617829540,DIRECT,"TJMG - Fatores de Atualização Monetária ICGJ, tabela válida para junho/2026","Fatores oficiais ICGJ baseados em ORTN/OTN/BTN/TR/IPC-R/INPC, convertidos para base acumulada direta. Cobertura oficial até 06/2026."
2015-08,0.5719092693395837678652302670,DIRECT,"TJMG - Fatores de Atualização Monetária ICGJ, tabela válida para junho/2026","Fatores oficiais ICGJ baseados em ORTN/OTN/BTN/TR/IPC-R/INPC, convertidos para base acumulada direta. Cobertura oficial até 06/2026."
2015-09,0.5733390025093901461830987918,DIRECT,"TJMG - Fatores de Atualização Monetária ICGJ, tabela válida para junho/2026","Fatores oficiais ICGJ baseados em ORTN/OTN/BTN/TR/IPC-R/INPC, convertidos para base acumulada direta. Cobertura oficial até 06/2026."
2015-10,0.5762630230400905608865967963,DIRECT,"TJMG - Fatores de Atualização Monetária ICGJ, tabela válida para junho/2026","Fatores oficiais ICGJ baseados em ORTN/OTN/BTN/TR/IPC-R/INPC, convertidos para base acumulada direta. Cobertura oficial até 06/2026."
2015-11,0.5807001292406207637925571897,DIRECT,"TJMG - Fatores de Atualização Monetária ICGJ, tabela válida para junho/2026","Fatores oficiais ICGJ baseados em ORTN/OTN/BTN/TR/IPC-R/INPC, convertidos para base acumulada direta. Cobertura oficial até 06/2026."
2015-12,0.5871460001353958676312222871,DIRECT,"TJMG - Fatores de Atualização Monetária ICGJ, tabela válida para junho/2026","Fatores oficiais ICGJ baseados em ORTN/OTN/BTN/TR/IPC-R/INPC, convertidos para base acumulada direta. Cobertura oficial até 06/2026."
2016-01,0.5924301877304627484044966399,DIRECT,"TJMG - Fatores de Atualização Monetária ICGJ, tabela válida para junho/2026","Fatores oficiais ICGJ baseados em ORTN/OTN/BTN/TR/IPC-R/INPC, convertidos para base acumulada direta. Cobertura oficial até 06/2026."
2016-02,0.6013762133817513350251248968,DIRECT,"TJMG - Fatores de Atualização Monetária ICGJ, tabela válida para junho/2026","Fatores oficiais ICGJ baseados em ORTN/OTN/BTN/TR/IPC-R/INPC, convertidos para base acumulada direta. Cobertura oficial até 06/2026."
2016-03,0.6070890517074743832703741514,DIRECT,"TJMG - Fatores de Atualização Monetária ICGJ, tabela válida para junho/2026","Fatores oficiais ICGJ baseados em ORTN/OTN/BTN/TR/IPC-R/INPC, convertidos para base acumulada direta. Cobertura oficial até 06/2026."
2016-04,0.6097600758736657611119779867,DIRECT,"TJMG - Fatores de Atualização Monetária ICGJ, tabela válida para junho/2026","Fatores oficiais ICGJ baseados em ORTN/OTN/BTN/TR/IPC-R/INPC, convertidos para base acumulada direta. Cobertura oficial até 06/2026."
2016-05,0.6136629226887199120301927067,DIRECT,"TJMG - Fatores de Atualização Monetária ICGJ, tabela válida para junho/2026","Fatores oficiais ICGJ baseados em ORTN/OTN/BTN/TR/IPC-R/INPC, convertidos para base acumulada direta. Cobertura oficial até 06/2026."
2016-06,0.6196767827868661984595454857,DIRECT,"TJMG - Fatores de Atualização Monetária ICGJ, tabela válida para junho/2026","Fatores oficiais ICGJ baseados em ORTN/OTN/BTN/TR/IPC-R/INPC, convertidos para base acumulada direta. Cobertura oficial até 06/2026."
2016-07,0.6225892565748849735219015071,DIRECT,"TJMG - Fatores de Atualização Monetária ICGJ, tabela válida para junho/2026","Fatores oficiais ICGJ baseados em ORTN/OTN/BTN/TR/IPC-R/INPC, convertidos para base acumulada direta. Cobertura oficial até 06/2026."
2016-08,0.6265736004366466106722902900,DIRECT,"TJMG - Fatores de Atualização Monetária ICGJ, tabela válida para junho/2026","Fatores oficiais ICGJ baseados em ORTN/OTN/BTN/TR/IPC-R/INPC, convertidos para base acumulada direta. Cobertura oficial até 06/2026."
2016-09,0.6285162340715130799256440154,DIRECT,"TJMG - Fatores de Atualização Monetária ICGJ, tabela válida para junho/2026","Fatores oficiais ICGJ baseados em ORTN/OTN/BTN/TR/IPC-R/INPC, convertidos para base acumulada direta. Cobertura oficial até 06/2026."
2016-10,0.6290191572187465069779925696,DIRECT,"TJMG - Fatores de Atualização Monetária ICGJ, tabela válida para junho/2026","Fatores oficiais ICGJ baseados em ORTN/OTN/BTN/TR/IPC-R/INPC, convertidos para base acumulada direta. Cobertura oficial até 06/2026."
2016-11,0.6300881190836300838344844203,DIRECT,"TJMG - Fatores de Atualização Monetária ICGJ, tabela válida para junho/2026","Fatores oficiais ICGJ baseados em ORTN/OTN/BTN/TR/IPC-R/INPC, convertidos para base acumulada direta. Cobertura oficial até 06/2026."
2016-12,0.6305295073307252110792105216,DIRECT,"TJMG - Fatores de Atualização Monetária ICGJ, tabela válida para junho/2026","Fatores oficiais ICGJ baseados em ORTN/OTN/BTN/TR/IPC-R/INPC, convertidos para base acumulada direta. Cobertura oficial até 06/2026."
2017-01,0.6314121880863254115307862376,DIRECT,"TJMG - Fatores de Atualização Monetária ICGJ, tabela válida para junho/2026","Fatores oficiais ICGJ baseados em ORTN/OTN/BTN/TR/IPC-R/INPC, convertidos para base acumulada direta. Cobertura oficial até 06/2026."
2017-02,0.6340639440806326436408458920,DIRECT,"TJMG - Fatores de Atualização Monetária ICGJ, tabela válida para junho/2026","Fatores oficiais ICGJ baseados em ORTN/OTN/BTN/TR/IPC-R/INPC, convertidos para base acumulada direta. Cobertura oficial até 06/2026."
2017-03,0.6355859218735242489376499109,DIRECT,"TJMG - Fatores de Atualização Monetária ICGJ, tabela válida para junho/2026","Fatores oficiais ICGJ baseados em ORTN/OTN/BTN/TR/IPC-R/INPC, convertidos para base acumulada direta. Cobertura oficial até 06/2026."
2017-04,0.6376196485300220979841591050,DIRECT,"TJMG - Fatores de Atualização Monetária ICGJ, tabela válida para junho/2026","Fatores oficiais ICGJ baseados em ORTN/OTN/BTN/TR/IPC-R/INPC, convertidos para base acumulada direta. Cobertura oficial até 06/2026."
2017-05,0.6381296776500695944226445166,DIRECT,"TJMG - Fatores de Atualização Monetária ICGJ, tabela válida para junho/2026","Fatores oficiais ICGJ baseados em ORTN/OTN/BTN/TR/IPC-R/INPC, convertidos para base acumulada direta. Cobertura oficial até 06/2026."
2017-06,0.6404268419284379361707060309,DIRECT,"TJMG - Fatores de Atualização Monetária ICGJ, tabela válida para junho/2026","Fatores oficiais ICGJ baseados em ORTN/OTN/BTN/TR/IPC-R/INPC, convertidos para base acumulada direta. Cobertura oficial até 06/2026."
2017-07,0.6385056719735852757527215666,DIRECT,"TJMG - Fatores de Atualização Monetária ICGJ, tabela válida para junho/2026","Fatores oficiais ICGJ baseados em ORTN/OTN/BTN/TR/IPC-R/INPC, convertidos para base acumulada direta. Cobertura oficial até 06/2026."
2017-08,0.6395909892374745059031689943,DIRECT,"TJMG - Fatores de Atualização Monetária ICGJ, tabela válida para junho/2026","Fatores oficiais ICGJ baseados em ORTN/OTN/BTN/TR/IPC-R/INPC, convertidos para base acumulada direta. Cobertura oficial até 06/2026."
2017-09,0.6393991080638202152933524744,DIRECT,"TJMG - Fatores de Atualização Monetária ICGJ, tabela válida para junho/2026","Fatores oficiais ICGJ baseados em ORTN/OTN/BTN/TR/IPC-R/INPC, convertidos para base acumulada direta. Cobertura oficial até 06/2026."
2017-10,0.6392713329638345028802369907,DIRECT,"TJMG - Fatores de Atualização Monetária ICGJ, tabela válida para junho/2026","Fatores oficiais ICGJ baseados em ORTN/OTN/BTN/TR/IPC-R/INPC, convertidos para base acumulada direta. Cobertura oficial até 06/2026."
2017-11,0.6416367177381689728480515065,DIRECT,"TJMG - Fatores de Atualização Monetária ICGJ, tabela válida para junho/2026","Fatores oficiais ICGJ baseados em ORTN/OTN/BTN/TR/IPC-R/INPC, convertidos para base acumulada direta. Cobertura oficial até 06/2026."
2017-12,0.6427916699341909888321375266,DIRECT,"TJMG - Fatores de Atualização Monetária ICGJ, tabela válida para junho/2026","Fatores oficiais ICGJ baseados em ORTN/OTN/BTN/TR/IPC-R/INPC, convertidos para base acumulada direta. Cobertura oficial até 06/2026."
2018-01,0.6444628588965326480373076971,DIRECT,"TJMG - Fatores de Atualização Monetária ICGJ, tabela válida para junho/2026","Fatores oficiais ICGJ baseados em ORTN/OTN/BTN/TR/IPC-R/INPC, convertidos para base acumulada direta. Cobertura oficial até 06/2026."
2018-02,0.6459450926001046947806086250,DIRECT,"TJMG - Fatores de Atualização Monetária ICGJ, tabela válida para junho/2026","Fatores oficiais ICGJ baseados em ORTN/OTN/BTN/TR/IPC-R/INPC, convertidos para base acumulada direta. Cobertura oficial até 06/2026."
2018-03,0.6471080418057679328198315319,DIRECT,"TJMG - Fatores de Atualização Monetária ICGJ, tabela válida para junho/2026","Fatores oficiais ICGJ baseados em ORTN/OTN/BTN/TR/IPC-R/INPC, convertidos para base acumulada direta. Cobertura oficial até 06/2026."
2018-04,0.6475608584170348913561245399,DIRECT,"TJMG - Fatores de Atualização Monetária ICGJ, tabela válida para junho/2026","Fatores oficiais ICGJ baseados em ORTN/OTN/BTN/TR/IPC-R/INPC, convertidos para base acumulada direta. Cobertura oficial até 06/2026."
2018-05,0.6489209288550348282351725786,DIRECT,"TJMG - Fatores de Atualização Monetária ICGJ, tabela válida para junho/2026","Fatores oficiais ICGJ baseados em ORTN/OTN/BTN/TR/IPC-R/INPC, convertidos para base acumulada direta. Cobertura oficial até 06/2026."
2018-06,0.6517110706746115459870467211,DIRECT,"TJMG - Fatores de Atualização Monetária ICGJ, tabela válida para junho/2026","Fatores oficiais ICGJ baseados em ORTN/OTN/BTN/TR/IPC-R/INPC, convertidos para base acumulada direta. Cobertura oficial até 06/2026."
2018-07,0.6610305876700740810369295975,DIRECT,"TJMG - Fatores de Atualização Monetária ICGJ, tabela válida para junho/2026","Fatores oficiais ICGJ baseados em ORTN/OTN/BTN/TR/IPC-R/INPC, convertidos para base acumulada direta. Cobertura oficial até 06/2026."
2018-08,0.6626831018260961822230089007,DIRECT,"TJMG - Fatores de Atualização Monetária ICGJ, tabela válida para junho/2026","Fatores oficiais ICGJ baseados em ORTN/OTN/BTN/TR/IPC-R/INPC, convertidos para base acumulada direta. Cobertura oficial até 06/2026."
2018-09,0.6626831018260961822230089007,DIRECT,"TJMG - Fatores de Atualização Monetária ICGJ, tabela válida para junho/2026","Fatores oficiais ICGJ baseados em ORTN/OTN/BTN/TR/IPC-R/INPC, convertidos para base acumulada direta. Cobertura oficial até 06/2026."
2018-10,0.6646712791751642120245548181,DIRECT,"TJMG - Fatores de Atualização Monetária ICGJ, tabela válida para junho/2026","Fatores oficiais ICGJ baseados em ORTN/OTN/BTN/TR/IPC-R/INPC, convertidos para base acumulada direta. Cobertura oficial até 06/2026."
2018-11,0.6673299036135380416750194126,DIRECT,"TJMG - Fatores de Atualização Monetária ICGJ, tabela válida para junho/2026","Fatores oficiais ICGJ baseados em ORTN/OTN/BTN/TR/IPC-R/INPC, convertidos para base acumulada direta. Cobertura oficial até 06/2026."
2018-12,0.6656613848432763507218065943,DIRECT,"TJMG - Fatores de Atualização Monetária ICGJ, tabela válida para junho/2026","Fatores oficiais ICGJ baseados em ORTN/OTN/BTN/TR/IPC-R/INPC, convertidos para base acumulada direta. Cobertura oficial até 06/2026."
2019-01,0.6665935191378332750952795447,DIRECT,"TJMG - Fatores de Atualização Monetária ICGJ, tabela válida para junho/2026","Fatores oficiais ICGJ baseados em ORTN/OTN/BTN/TR/IPC-R/INPC, convertidos para base acumulada direta. Cobertura oficial até 06/2026."
2019-02,0.6689933362911758708553855837,DIRECT,"TJMG - Fatores de Atualização Monetária ICGJ, tabela válida para junho/2026","Fatores oficiais ICGJ baseados em ORTN/OTN/BTN/TR/IPC-R/INPC, convertidos para base acumulada direta. Cobertura oficial até 06/2026."
2019-03,0.6726055947064325443176463324,DIRECT,"TJMG - Fatores de Atualização Monetária ICGJ, tabela válida para junho/2026","Fatores oficiais ICGJ baseados em ORTN/OTN/BTN/TR/IPC-R/INPC, convertidos para base acumulada direta. Cobertura oficial até 06/2026."
2019-04,0.6777850526706764430382663885,DIRECT,"TJMG - Fatores de Atualização Monetária ICGJ, tabela válida para junho/2026","Fatores oficiais ICGJ baseados em ORTN/OTN/BTN/TR/IPC-R/INPC, convertidos para base acumulada direta. Cobertura oficial até 06/2026."
2019-05,0.6818515460540603270882777514,DIRECT,"TJMG - Fatores de Atualização Monetária ICGJ, tabela válida para junho/2026","Fatores oficiais ICGJ baseados em ORTN/OTN/BTN/TR/IPC-R/INPC, convertidos para base acumulada direta. Cobertura oficial até 06/2026."
2019-06,0.6828743711922071469358539228,DIRECT,"TJMG - Fatores de Atualização Monetária ICGJ, tabela válida para junho/2026","Fatores oficiais ICGJ baseados em ORTN/OTN/BTN/TR/IPC-R/INPC, convertidos para base acumulada direta. Cobertura oficial até 06/2026."
2019-07,0.6829425069631110653691396447,DIRECT,"TJMG - Fatores de Atualização Monetária ICGJ, tabela válida para junho/2026","Fatores oficiais ICGJ baseados em ORTN/OTN/BTN/TR/IPC-R/INPC, convertidos para base acumulada direta. Cobertura oficial até 06/2026."
2019-08,0.6836255946688141625347196349,DIRECT,"TJMG - Fatores de Atualização Monetária ICGJ, tabela válida para junho/2026","Fatores oficiais ICGJ baseados em ORTN/OTN/BTN/TR/IPC-R/INPC, convertidos para base acumulada direta. Cobertura oficial até 06/2026."
2019-09,0.6844458784346093069992325308,DIRECT,"TJMG - Fatores de Atualização Monetária ICGJ, tabela válida para junho/2026","Fatores oficiais ICGJ baseados em ORTN/OTN/BTN/TR/IPC-R/INPC, convertidos para base acumulada direta. Cobertura oficial até 06/2026."
2019-10,0.6841038349219136518666730881,DIRECT,"TJMG - Fatores de Atualização Monetária ICGJ, tabela válida para junho/2026","Fatores oficiais ICGJ baseados em ORTN/OTN/BTN/TR/IPC-R/INPC, convertidos para base acumulada direta. Cobertura oficial até 06/2026."
2019-11,0.6843771613486226841190142834,DIRECT,"TJMG - Fatores de Atualização Monetária ICGJ, tabela válida para junho/2026","Fatores oficiais ICGJ baseados em ORTN/OTN/BTN/TR/IPC-R/INPC, convertidos para base acumulada direta. Cobertura oficial até 06/2026."
2019-12,0.6880729368322209143484744012,DIRECT,"TJMG - Fatores de Atualização Monetária ICGJ, tabela válida para junho/2026","Fatores oficiais ICGJ baseados em ORTN/OTN/BTN/TR/IPC-R/INPC, convertidos para base acumulada direta. Cobertura oficial até 06/2026."
2020-01,0.6964674405302123048663642651,DIRECT,"TJMG - Fatores de Atualização Monetária ICGJ, tabela válida para junho/2026","Fatores oficiais ICGJ baseados em ORTN/OTN/BTN/TR/IPC-R/INPC, convertidos para base acumulada direta. Cobertura oficial até 06/2026."
2020-02,0.6977907873892178623556035357,DIRECT,"TJMG - Fatores de Atualização Monetária ICGJ, tabela válida para junho/2026","Fatores oficiais ICGJ baseados em ORTN/OTN/BTN/TR/IPC-R/INPC, convertidos para base acumulada direta. Cobertura oficial até 06/2026."
2020-03,0.6989770191733590221367419926,DIRECT,"TJMG - Fatores de Atualização Monetária ICGJ, tabela válida para junho/2026","Fatores oficiais ICGJ baseados em ORTN/OTN/BTN/TR/IPC-R/INPC, convertidos para base acumulada direta. Cobertura oficial até 06/2026."
2020-04,0.7002349988656193018376967310,DIRECT,"TJMG - Fatores de Atualização Monetária ICGJ, tabela válida para junho/2026","Fatores oficiais ICGJ baseados em ORTN/OTN/BTN/TR/IPC-R/INPC, convertidos para base acumulada direta. Cobertura oficial até 06/2026."
2020-05,0.6986246944128258551498106343,DIRECT,"TJMG - Fatores de Atualização Monetária ICGJ, tabela válida para junho/2026","Fatores oficiais ICGJ baseados em ORTN/OTN/BTN/TR/IPC-R/INPC, convertidos para base acumulada direta. Cobertura oficial até 06/2026."
2020-06,0.6968781461870556138726417556,DIRECT,"TJMG - Fatores de Atualização Monetária ICGJ, tabela válida para junho/2026","Fatores oficiais ICGJ baseados em ORTN/OTN/BTN/TR/IPC-R/INPC, convertidos para base acumulada direta. Cobertura oficial até 06/2026."
2020-07,0.6989687136012042392172892428,DIRECT,"TJMG - Fatores de Atualização Monetária ICGJ, tabela válida para junho/2026","Fatores oficiais ICGJ baseados em ORTN/OTN/BTN/TR/IPC-R/INPC, convertidos para base acumulada direta. Cobertura oficial até 06/2026."
2020-08,0.7020443672382852313594232677,DIRECT,"TJMG - Fatores de Atualização Monetária ICGJ, tabela válida para junho/2026","Fatores oficiais ICGJ baseados em ORTN/OTN/BTN/TR/IPC-R/INPC, convertidos para base acumulada direta. Cobertura oficial até 06/2026."
2020-09,0.7045716341855620448951636160,DIRECT,"TJMG - Fatores de Atualização Monetária ICGJ, tabela válida para junho/2026","Fatores oficiais ICGJ baseados em ORTN/OTN/BTN/TR/IPC-R/INPC, convertidos para base acumulada direta. Cobertura oficial até 06/2026."
2020-10,0.7107013428275451920769877179,DIRECT,"TJMG - Fatores de Atualização Monetária ICGJ, tabela válida para junho/2026","Fatores oficiais ICGJ baseados em ORTN/OTN/BTN/TR/IPC-R/INPC, convertidos para base acumulada direta. Cobertura oficial até 06/2026."
2020-11,0.7170265996791736182395505563,DIRECT,"TJMG - Fatores de Atualização Monetária ICGJ, tabela válida para junho/2026","Fatores oficiais ICGJ baseados em ORTN/OTN/BTN/TR/IPC-R/INPC, convertidos para base acumulada direta. Cobertura oficial até 06/2026."
2020-12,0.7238381023165425091297699845,DIRECT,"TJMG - Fatores de Atualização Monetária ICGJ, tabela válida para junho/2026","Fatores oficiais ICGJ baseados em ORTN/OTN/BTN/TR/IPC-R/INPC, convertidos para base acumulada direta. Cobertura oficial até 06/2026."
2021-01,0.7344064578416176095392936097,DIRECT,"TJMG - Fatores de Atualização Monetária ICGJ, tabela válida para junho/2026","Fatores oficiais ICGJ baseados em ORTN/OTN/BTN/TR/IPC-R/INPC, convertidos para base acumulada direta. Cobertura oficial até 06/2026."
2021-02,0.7363890089816631036484467089,DIRECT,"TJMG - Fatores de Atualização Monetária ICGJ, tabela válida para junho/2026","Fatores oficiais ICGJ baseados em ORTN/OTN/BTN/TR/IPC-R/INPC, convertidos para base acumulada direta. Cobertura oficial até 06/2026."
2021-03,0.7424275361027662256053160187,DIRECT,"TJMG - Fatores de Atualização Monetária ICGJ, tabela válida para junho/2026","Fatores oficiais ICGJ baseados em ORTN/OTN/BTN/TR/IPC-R/INPC, convertidos para base acumulada direta. Cobertura oficial até 06/2026."
2021-04,0.7488120471278340476750658917,DIRECT,"TJMG - Fatores de Atualização Monetária ICGJ, tabela válida para junho/2026","Fatores oficiais ICGJ baseados em ORTN/OTN/BTN/TR/IPC-R/INPC, convertidos para base acumulada direta. Cobertura oficial até 06/2026."
2021-05,0.7516578189024803655702835389,DIRECT,"TJMG - Fatores de Atualização Monetária ICGJ, tabela válida para junho/2026","Fatores oficiais ICGJ baseados em ORTN/OTN/BTN/TR/IPC-R/INPC, convertidos para base acumulada direta. Cobertura oficial até 06/2026."
2021-06,0.7588738342654454160643421805,DIRECT,"TJMG - Fatores de Atualização Monetária ICGJ, tabela válida para junho/2026","Fatores oficiais ICGJ baseados em ORTN/OTN/BTN/TR/IPC-R/INPC, convertidos para base acumulada direta. Cobertura oficial até 06/2026."
2021-07,0.7634268459966506937412434941,DIRECT,"TJMG - Fatores de Atualização Monetária ICGJ, tabela válida para junho/2026","Fatores oficiais ICGJ baseados em ORTN/OTN/BTN/TR/IPC-R/INPC, convertidos para base acumulada direta. Cobertura oficial até 06/2026."
2021-08,0.7712141540625209432843712603,DIRECT,"TJMG - Fatores de Atualização Monetária ICGJ, tabela válida para junho/2026","Fatores oficiais ICGJ baseados em ORTN/OTN/BTN/TR/IPC-R/INPC, convertidos para base acumulada direta. Cobertura oficial até 06/2026."
2021-09,0.7780005712080193809278294772,DIRECT,"TJMG - Fatores de Atualização Monetária ICGJ, tabela válida para junho/2026","Fatores oficiais ICGJ baseados em ORTN/OTN/BTN/TR/IPC-R/INPC, convertidos para base acumulada direta. Cobertura oficial até 06/2026."
2021-10,0.7873368519942140189420649200,DIRECT,"TJMG - Fatores de Atualização Monetária ICGJ, tabela válida para junho/2026","Fatores oficiais ICGJ baseados em ORTN/OTN/BTN/TR/IPC-R/INPC, convertidos para base acumulada direta. Cobertura oficial até 06/2026."
2021-11,0.7964696007066915473150332761,DIRECT,"TJMG - Fatores de Atualização Monetária ICGJ, tabela válida para junho/2026","Fatores oficiais ICGJ baseados em ORTN/OTN/BTN/TR/IPC-R/INPC, convertidos para base acumulada direta. Cobertura oficial até 06/2026."
2021-12,0.8031604685702426476281225674,DIRECT,"TJMG - Fatores de Atualização Monetária ICGJ, tabela válida para junho/2026","Fatores oficiais ICGJ baseados em ORTN/OTN/BTN/TR/IPC-R/INPC, convertidos para base acumulada direta. Cobertura oficial até 06/2026."
2022-01,0.8090234593341526583580496742,DIRECT,"TJMG - Fatores de Atualização Monetária ICGJ, tabela válida para junho/2026","Fatores oficiais ICGJ baseados em ORTN/OTN/BTN/TR/IPC-R/INPC, convertidos para base acumulada direta. Cobertura oficial até 06/2026."
2022-02,0.8144436698180207064158614534,DIRECT,"TJMG - Fatores de Atualização Monetária ICGJ, tabela válida para junho/2026","Fatores oficiais ICGJ baseados em ORTN/OTN/BTN/TR/IPC-R/INPC, convertidos para base acumulada direta. Cobertura oficial até 06/2026."
2022-03,0.8225881386738826291759509448,DIRECT,"TJMG - Fatores de Atualização Monetária ICGJ, tabela válida para junho/2026","Fatores oficiais ICGJ baseados em ORTN/OTN/BTN/TR/IPC-R/INPC, convertidos para base acumulada direta. Cobertura oficial até 06/2026."
2022-04,0.8366543631064876103620312194,DIRECT,"TJMG - Fatores de Atualização Monetária ICGJ, tabela válida para junho/2026","Fatores oficiais ICGJ baseados em ORTN/OTN/BTN/TR/IPC-R/INPC, convertidos para base acumulada direta. Cobertura oficial até 06/2026."
2022-05,0.8453557003180228144596401828,DIRECT,"TJMG - Fatores de Atualização Monetária ICGJ, tabela válida para junho/2026","Fatores oficiais ICGJ baseados em ORTN/OTN/BTN/TR/IPC-R/INPC, convertidos para base acumulada direta. Cobertura oficial até 06/2026."
2022-06,0.8491596164481878042167398402,DIRECT,"TJMG - Fatores de Atualização Monetária ICGJ, tabela válida para junho/2026","Fatores oficiais ICGJ baseados em ORTN/OTN/BTN/TR/IPC-R/INPC, convertidos para base acumulada direta. Cobertura oficial até 06/2026."
2022-07,0.8544244447415942791156877882,DIRECT,"TJMG - Fatores de Atualização Monetária ICGJ, tabela válida para junho/2026","Fatores oficiais ICGJ baseados em ORTN/OTN/BTN/TR/IPC-R/INPC, convertidos para base acumulada direta. Cobertura oficial até 06/2026."
2022-08,0.8492980127275800187355141608,DIRECT,"TJMG - Fatores de Atualização Monetária ICGJ, tabela válida para junho/2026","Fatores oficiais ICGJ baseados em ORTN/OTN/BTN/TR/IPC-R/INPC, convertidos para base acumulada direta. Cobertura oficial até 06/2026."
2022-09,0.8466653492553832252903681149,DIRECT,"TJMG - Fatores de Atualização Monetária ICGJ, tabela válida para junho/2026","Fatores oficiais ICGJ baseados em ORTN/OTN/BTN/TR/IPC-R/INPC, convertidos para base acumulada direta. Cobertura oficial até 06/2026."
2022-10,0.8439556403412146412125144443,DIRECT,"TJMG - Fatores de Atualização Monetária ICGJ, tabela válida para junho/2026","Fatores oficiais ICGJ baseados em ORTN/OTN/BTN/TR/IPC-R/INPC, convertidos para base acumulada direta. Cobertura oficial até 06/2026."
2022-11,0.8479224754655751530224493411,DIRECT,"TJMG - Fatores de Atualização Monetária ICGJ, tabela válida para junho/2026","Fatores oficiais ICGJ baseados em ORTN/OTN/BTN/TR/IPC-R/INPC, convertidos para base acumulada direta. Cobertura oficial até 06/2026."
2022-12,0.8511443081979921675998471004,DIRECT,"TJMG - Fatores de Atualização Monetária ICGJ, tabela válida para junho/2026","Fatores oficiais ICGJ baseados em ORTN/OTN/BTN/TR/IPC-R/INPC, convertidos para base acumulada direta. Cobertura oficial até 06/2026."
2023-01,0.8570175122101427508359563068,DIRECT,"TJMG - Fatores de Atualização Monetária ICGJ, tabela válida para junho/2026","Fatores oficiais ICGJ baseados em ORTN/OTN/BTN/TR/IPC-R/INPC, convertidos para base acumulada direta. Cobertura oficial até 06/2026."
2023-02,0.8609599600239071361699438534,DIRECT,"TJMG - Fatores de Atualização Monetária ICGJ, tabela válida para junho/2026","Fatores oficiais ICGJ baseados em ORTN/OTN/BTN/TR/IPC-R/INPC, convertidos para base acumulada direta. Cobertura oficial até 06/2026."
2023-03,0.8675892263463943685824424927,DIRECT,"TJMG - Fatores de Atualização Monetária ICGJ, tabela válida para junho/2026","Fatores oficiais ICGJ baseados em ORTN/OTN/BTN/TR/IPC-R/INPC, convertidos para base acumulada direta. Cobertura oficial até 06/2026."
2023-04,0.8731416054070516313079242141,DIRECT,"TJMG - Fatores de Atualização Monetária ICGJ, tabela válida para junho/2026","Fatores oficiais ICGJ baseados em ORTN/OTN/BTN/TR/IPC-R/INPC, convertidos para base acumulada direta. Cobertura oficial até 06/2026."
2023-05,0.8777692302560733730810647973,DIRECT,"TJMG - Fatores de Atualização Monetária ICGJ, tabela válida para junho/2026","Fatores oficiais ICGJ baseados em ORTN/OTN/BTN/TR/IPC-R/INPC, convertidos para base acumulada direta. Cobertura oficial até 06/2026."
2023-06,0.8809292817281436379859877627,DIRECT,"TJMG - Fatores de Atualização Monetária ICGJ, tabela válida para junho/2026","Fatores oficiais ICGJ baseados em ORTN/OTN/BTN/TR/IPC-R/INPC, convertidos para base acumulada direta. Cobertura oficial até 06/2026."
2023-07,0.8800485082737760505359055391,DIRECT,"TJMG - Fatores de Atualização Monetária ICGJ, tabela válida para junho/2026","Fatores oficiais ICGJ baseados em ORTN/OTN/BTN/TR/IPC-R/INPC, convertidos para base acumulada direta. Cobertura oficial até 06/2026."
2023-08,0.8792563039159965561289088218,DIRECT,"TJMG - Fatores de Atualização Monetária ICGJ, tabela válida para junho/2026","Fatores oficiais ICGJ baseados em ORTN/OTN/BTN/TR/IPC-R/INPC, convertidos para base acumulada direta. Cobertura oficial até 06/2026."
2023-09,0.8810148092422329954670907050,DIRECT,"TJMG - Fatores de Atualização Monetária ICGJ, tabela válida para junho/2026","Fatores oficiais ICGJ baseados em ORTN/OTN/BTN/TR/IPC-R/INPC, convertidos para base acumulada direta. Cobertura oficial até 06/2026."
2023-10,0.8819835457149711414983842061,DIRECT,"TJMG - Fatores de Atualização Monetária ICGJ, tabela válida para junho/2026","Fatores oficiais ICGJ baseados em ORTN/OTN/BTN/TR/IPC-R/INPC, convertidos para base acumulada direta. Cobertura oficial até 06/2026."
2023-11,0.8830422855394938013080681984,DIRECT,"TJMG - Fatores de Atualização Monetária ICGJ, tabela válida para junho/2026","Fatores oficiais ICGJ baseados em ORTN/OTN/BTN/TR/IPC-R/INPC, convertidos para base acumulada direta. Cobertura oficial até 06/2026."
2023-12,0.8839253924540349956669977262,DIRECT,"TJMG - Fatores de Atualização Monetária ICGJ, tabela válida para junho/2026","Fatores oficiais ICGJ baseados em ORTN/OTN/BTN/TR/IPC-R/INPC, convertidos para base acumulada direta. Cobertura oficial até 06/2026."
2024-01,0.8887869746491291220828900508,DIRECT,"TJMG - Fatores de Atualização Monetária ICGJ, tabela válida para junho/2026","Fatores oficiais ICGJ baseados em ORTN/OTN/BTN/TR/IPC-R/INPC, convertidos para base acumulada direta. Cobertura oficial até 06/2026."
2024-02,0.8938529908589230036821380105,DIRECT,"TJMG - Fatores de Atualização Monetária ICGJ, tabela válida para junho/2026","Fatores oficiais ICGJ baseados em ORTN/OTN/BTN/TR/IPC-R/INPC, convertidos para base acumulada direta. Cobertura oficial até 06/2026."
2024-03,0.9010930529059665245733031539,DIRECT,"TJMG - Fatores de Atualização Monetária ICGJ, tabela válida para junho/2026","Fatores oficiais ICGJ baseados em ORTN/OTN/BTN/TR/IPC-R/INPC, convertidos para base acumulada direta. Cobertura oficial até 06/2026."
2024-04,0.9028054136546068715770132741,DIRECT,"TJMG - Fatores de Atualização Monetária ICGJ, tabela válida para junho/2026","Fatores oficiais ICGJ baseados em ORTN/OTN/BTN/TR/IPC-R/INPC, convertidos para base acumulada direta. Cobertura oficial até 06/2026."
2024-05,0.9061455242527584202440159282,DIRECT,"TJMG - Fatores de Atualização Monetária ICGJ, tabela válida para junho/2026","Fatores oficiais ICGJ baseados em ORTN/OTN/BTN/TR/IPC-R/INPC, convertidos para base acumulada direta. Cobertura oficial até 06/2026."
2024-06,0.9103138744032664974817987292,DIRECT,"TJMG - Fatores de Atualização Monetária ICGJ, tabela válida para junho/2026","Fatores oficiais ICGJ baseados em ORTN/OTN/BTN/TR/IPC-R/INPC, convertidos para base acumulada direta. Cobertura oficial até 06/2026."
2024-07,0.9125895284549521625132131556,DIRECT,"TJMG - Fatores de Atualização Monetária ICGJ, tabela válida para junho/2026","Fatores oficiais ICGJ baseados em ORTN/OTN/BTN/TR/IPC-R/INPC, convertidos para base acumulada direta. Cobertura oficial até 06/2026."
2024-08,0.9149623053829428335211445959,DIRECT,"TJMG - Fatores de Atualização Monetária ICGJ, tabela válida para junho/2026","Fatores oficiais ICGJ baseados em ORTN/OTN/BTN/TR/IPC-R/INPC, convertidos para base acumulada direta. Cobertura oficial até 06/2026."
2024-09,0.9136815775845402153291647525,DIRECT,"TJMG - Fatores de Atualização Monetária ICGJ, tabela válida para junho/2026","Fatores oficiais ICGJ baseados em ORTN/OTN/BTN/TR/IPC-R/INPC, convertidos para base acumulada direta. Cobertura oficial até 06/2026."
2024-10,0.9180672700939219539996885916,DIRECT,"TJMG - Fatores de Atualização Monetária ICGJ, tabela válida para junho/2026","Fatores oficiais ICGJ baseados em ORTN/OTN/BTN/TR/IPC-R/INPC, convertidos para base acumulada direta. Cobertura oficial até 06/2026."
2024-11,0.9236672174802173573696174447,DIRECT,"TJMG - Fatores de Atualização Monetária ICGJ, tabela válida para junho/2026","Fatores oficiais ICGJ baseados em ORTN/OTN/BTN/TR/IPC-R/INPC, convertidos para base acumulada direta. Cobertura oficial até 06/2026."
2024-12,0.9267156936337226651305427329,DIRECT,"TJMG - Fatores de Atualização Monetária ICGJ, tabela válida para junho/2026","Fatores oficiais ICGJ baseados em ORTN/OTN/BTN/TR/IPC-R/INPC, convertidos para base acumulada direta. Cobertura oficial até 06/2026."
2025-01,0.9311637218613962800009311637,DIRECT,"TJMG - Fatores de Atualização Monetária ICGJ, tabela válida para junho/2026","Fatores oficiais ICGJ baseados em ORTN/OTN/BTN/TR/IPC-R/INPC, convertidos para base acumulada direta. Cobertura oficial até 06/2026."
2025-02,0.9311637218613962800009311637,DIRECT,"TJMG - Fatores de Atualização Monetária ICGJ, tabela válida para junho/2026","Fatores oficiais ICGJ baseados em ORTN/OTN/BTN/TR/IPC-R/INPC, convertidos para base acumulada direta. Cobertura oficial até 06/2026."
2025-03,0.9449449555389224244603915455,DIRECT,"TJMG - Fatores de Atualização Monetária ICGJ, tabela válida para junho/2026","Fatores oficiais ICGJ baseados em ORTN/OTN/BTN/TR/IPC-R/INPC, convertidos para base acumulada direta. Cobertura oficial até 06/2026."
2025-04,0.9497641260792882087733511382,DIRECT,"TJMG - Fatores de Atualização Monetária ICGJ, tabela válida para junho/2026","Fatores oficiais ICGJ baseados em ORTN/OTN/BTN/TR/IPC-R/INPC, convertidos para base acumulada direta. Cobertura oficial até 06/2026."
2025-05,0.9543230452219335501046319787,DIRECT,"TJMG - Fatores de Atualização Monetária ICGJ, tabela válida para junho/2026","Fatores oficiais ICGJ baseados em ORTN/OTN/BTN/TR/IPC-R/INPC, convertidos para base acumulada direta. Cobertura oficial até 06/2026."
2025-06,0.9576634238267809044211681157,DIRECT,"TJMG - Fatores de Atualização Monetária ICGJ, tabela válida para junho/2026","Fatores oficiais ICGJ baseados em ORTN/OTN/BTN/TR/IPC-R/INPC, convertidos para base acumulada direta. Cobertura oficial até 06/2026."
2025-07,0.9598658030818027393226207830,DIRECT,"TJMG - Fatores de Atualização Monetária ICGJ, tabela válida para junho/2026","Fatores oficiais ICGJ baseados em ORTN/OTN/BTN/TR/IPC-R/INPC, convertidos para base acumulada direta. Cobertura oficial até 06/2026."
2025-08,0.9618815942995049195434140448,DIRECT,"TJMG - Fatores de Atualização Monetária ICGJ, tabela válida para junho/2026","Fatores oficiais ICGJ baseados em ORTN/OTN/BTN/TR/IPC-R/INPC, convertidos para base acumulada direta. Cobertura oficial até 06/2026."
2025-09,0.9598613806588507714069964872,DIRECT,"TJMG - Fatores de Atualização Monetária ICGJ, tabela válida para junho/2026","Fatores oficiais ICGJ baseados em ORTN/OTN/BTN/TR/IPC-R/INPC, convertidos para base acumulada direta. Cobertura oficial até 06/2026."
2025-10,0.9648528237623953436202725227,DIRECT,"TJMG - Fatores de Atualização Monetária ICGJ, tabela válida para junho/2026","Fatores oficiais ICGJ baseados em ORTN/OTN/BTN/TR/IPC-R/INPC, convertidos para base acumulada direta. Cobertura oficial até 06/2026."
2025-11,0.9651423401574687636507319736,DIRECT,"TJMG - Fatores de Atualização Monetária ICGJ, tabela válida para junho/2026","Fatores oficiais ICGJ baseados em ORTN/OTN/BTN/TR/IPC-R/INPC, convertidos para base acumulada direta. Cobertura oficial até 06/2026."
2025-12,0.9654318439391009454570590880,DIRECT,"TJMG - Fatores de Atualização Monetária ICGJ, tabela válida para junho/2026","Fatores oficiais ICGJ baseados em ORTN/OTN/BTN/TR/IPC-R/INPC, convertidos para base acumulada direta. Cobertura oficial até 06/2026."
2026-01,0.9674594061289133853910340313,DIRECT,"TJMG - Fatores de Atualização Monetária ICGJ, tabela válida para junho/2026","Fatores oficiais ICGJ baseados em ORTN/OTN/BTN/TR/IPC-R/INPC, convertidos para base acumulada direta. Cobertura oficial até 06/2026."
2026-02,0.9712322937068615036346426127,DIRECT,"TJMG - Fatores de Atualização Monetária ICGJ, tabela válida para junho/2026","Fatores oficiais ICGJ baseados em ORTN/OTN/BTN/TR/IPC-R/INPC, convertidos para base acumulada direta. Cobertura oficial até 06/2026."
2026-03,0.9766712309768860986477010136,DIRECT,"TJMG - Fatores de Atualização Monetária ICGJ, tabela válida para junho/2026","Fatores oficiais ICGJ baseados em ORTN/OTN/BTN/TR/IPC-R/INPC, convertidos para base acumulada direta. Cobertura oficial até 06/2026."
2026-04,0.9855589010899985778385057271,DIRECT,"TJMG - Fatores de Atualização Monetária ICGJ, tabela válida para junho/2026","Fatores oficiais ICGJ baseados em ORTN/OTN/BTN/TR/IPC-R/INPC, convertidos para base acumulada direta. Cobertura oficial até 06/2026."
2026-05,0.9935419771485345255837059116,DIRECT,"TJMG - Fatores de Atualização Monetária ICGJ, tabela válida para junho/2026","Fatores oficiais ICGJ baseados em ORTN/OTN/BTN/TR/IPC-R/INPC, convertidos para base acumulada direta. Cobertura oficial até 06/2026."
2026-06,1,DIRECT,"TJMG - Fatores de Atualização Monetária ICGJ, tabela válida para junho/2026","Fatores oficiais ICGJ baseados em ORTN/OTN/BTN/TR/IPC-R/INPC, convertidos para base acumulada direta. Cobertura oficial até 06/2026."
