competencia,fator,orientacao,fonte,observacao
1994-01,36.74056429085151833654563757004014974400,DIRECT,TJRJ — Calculador oficial de Débitos Judiciais / série cível validada em 07/08/2026,"Série calibrada aos casos oficiais observados no calculador TJRJ: fator 1,551565 em 30/06/2026 e 1,55794 em 07/08/2026 para origem 02/05/2018. O mês corrente usa o último fator mensal disponível; juros simples seguem a convenção de 360 dias."
1994-02,51.13193934217434119380349498712941769653,DIRECT,TJRJ — Calculador oficial de Débitos Judiciais / série cível validada em 07/08/2026,"Série calibrada aos casos oficiais observados no calculador TJRJ: fator 1,551565 em 30/06/2026 e 1,55794 em 07/08/2026 para origem 02/05/2018. O mês corrente usa o último fator mensal disponível; juros simples seguem a convenção de 360 dias."
1994-03,71.43052885425255685657510853302555063613,DIRECT,TJRJ — Calculador oficial de Débitos Judiciais / série cível validada em 07/08/2026,"Série calibrada aos casos oficiais observados no calculador TJRJ: fator 1,551565 em 30/06/2026 e 1,55794 em 07/08/2026 para origem 02/05/2018. O mês corrente usa o último fator mensal disponível; juros simples seguem a convenção de 360 dias."
1994-04,102.5965140237564439661461998181605886145,DIRECT,TJRJ — Calculador oficial de Débitos Judiciais / série cível validada em 07/08/2026,"Série calibrada aos casos oficiais observados no calculador TJRJ: fator 1,551565 em 30/06/2026 e 1,55794 em 07/08/2026 para origem 02/05/2018. O mês corrente usa o último fator mensal disponível; juros simples seguem a convenção de 360 dias."
1994-05,144.9175264707554288835600328835237095447,DIRECT,TJRJ — Calculador oficial de Débitos Judiciais / série cível validada em 07/08/2026,"Série calibrada aos casos oficiais observados no calculador TJRJ: fator 1,551565 em 30/06/2026 e 1,55794 em 07/08/2026 para origem 02/05/2018. O mês corrente usa o último fator mensal disponível; juros simples seguem a convenção de 360 dias."
1994-06,208.9850733354125291658969029285696673029,DIRECT,TJRJ — Calculador oficial de Débitos Judiciais / série cível validada em 07/08/2026,"Série calibrada aos casos oficiais observados no calculador TJRJ: fator 1,551565 em 30/06/2026 e 1,55794 em 07/08/2026 para origem 02/05/2018. O mês corrente usa o último fator mensal disponível; juros simples seguem a convenção de 360 dias."
1994-07,0.1099262341992263314789940200084738811833,DIRECT,TJRJ — Calculador oficial de Débitos Judiciais / série cível validada em 07/08/2026,"Série calibrada aos casos oficiais observados no calculador TJRJ: fator 1,551565 em 30/06/2026 e 1,55794 em 07/08/2026 para origem 02/05/2018. O mês corrente usa o último fator mensal disponível; juros simples seguem a convenção de 360 dias."
1994-08,0.1156593040849027147283328423117093409906,DIRECT,TJRJ — Calculador oficial de Débitos Judiciais / série cível validada em 07/08/2026,"Série calibrada aos casos oficiais observados no calculador TJRJ: fator 1,551565 em 30/06/2026 e 1,55794 em 07/08/2026 para origem 02/05/2018. O mês corrente usa o último fator mensal disponível; juros simples seguem a convenção de 360 dias."
1994-09,0.1214510743458955818860340464393879454424,DIRECT,TJRJ — Calculador oficial de Débitos Judiciais / série cível validada em 07/08/2026,"Série calibrada aos casos oficiais observados no calculador TJRJ: fator 1,551565 em 30/06/2026 e 1,55794 em 07/08/2026 para origem 02/05/2018. O mês corrente usa o último fator mensal disponível; juros simples seguem a convenção de 360 dias."
1994-10,0.1234273202798845475872372408147901947492,DIRECT,TJRJ — Calculador oficial de Débitos Judiciais / série cível validada em 07/08/2026,"Série calibrada aos casos oficiais observados no calculador TJRJ: fator 1,551565 em 30/06/2026 e 1,55794 em 07/08/2026 para origem 02/05/2018. O mês corrente usa o último fator mensal disponível; juros simples seguem a convenção de 360 dias."
1994-11,0.1257753352502941790615001023613617695132,DIRECT,TJRJ — Calculador oficial de Débitos Judiciais / série cível validada em 07/08/2026,"Série calibrada aos casos oficiais observados no calculador TJRJ: fator 1,551565 em 30/06/2026 e 1,55794 em 07/08/2026 para origem 02/05/2018. O mês corrente usa o último fator mensal disponível; juros simples seguem a convenção de 360 dias."
1994-12,0.1294930256195872986540568101141816667007,DIRECT,TJRJ — Calculador oficial de Débitos Judiciais / série cível validada em 07/08/2026,"Série calibrada aos casos oficiais observados no calculador TJRJ: fator 1,551565 em 30/06/2026 e 1,55794 em 07/08/2026 para origem 02/05/2018. O mês corrente usa o último fator mensal disponível; juros simples seguem a convenção de 360 dias."
1995-01,0.1324084775416544417516186343854817387978,DIRECT,TJRJ — Calculador oficial de Débitos Judiciais / série cível validada em 07/08/2026,"Série calibrada aos casos oficiais observados no calculador TJRJ: fator 1,551565 em 30/06/2026 e 1,55794 em 07/08/2026 para origem 02/05/2018. O mês corrente usa o último fator mensal disponível; juros simples seguem a convenção de 360 dias."
1995-02,0.1324084775416544417516186343854817387978,DIRECT,TJRJ — Calculador oficial de Débitos Judiciais / série cível validada em 07/08/2026,"Série calibrada aos casos oficiais observados no calculador TJRJ: fator 1,551565 em 30/06/2026 e 1,55794 em 07/08/2026 para origem 02/05/2018. O mês corrente usa o último fator mensal disponível; juros simples seguem a convenção de 360 dias."
1995-03,0.1324084775416544417516186343854817387978,DIRECT,TJRJ — Calculador oficial de Débitos Judiciais / série cível validada em 07/08/2026,"Série calibrada aos casos oficiais observados no calculador TJRJ: fator 1,551565 em 30/06/2026 e 1,55794 em 07/08/2026 para origem 02/05/2018. O mês corrente usa o último fator mensal disponível; juros simples seguem a convenção de 360 dias."
1995-04,0.1381611142185129208085455727073352914662,DIRECT,TJRJ — Calculador oficial de Débitos Judiciais / série cível validada em 07/08/2026,"Série calibrada aos casos oficiais observados no calculador TJRJ: fator 1,551565 em 30/06/2026 e 1,55794 em 07/08/2026 para origem 02/05/2018. O mês corrente usa o último fator mensal disponível; juros simples seguem a convenção de 360 dias."
1995-05,0.1381611142185129208085455727073352914662,DIRECT,TJRJ — Calculador oficial de Débitos Judiciais / série cível validada em 07/08/2026,"Série calibrada aos casos oficiais observados no calculador TJRJ: fator 1,551565 em 30/06/2026 e 1,55794 em 07/08/2026 para origem 02/05/2018. O mês corrente usa o último fator mensal disponível; juros simples seguem a convenção de 360 dias."
1995-06,0.1381611142185129208085455727073352914662,DIRECT,TJRJ — Calculador oficial de Débitos Judiciais / série cível validada em 07/08/2026,"Série calibrada aos casos oficiais observados no calculador TJRJ: fator 1,551565 em 30/06/2026 e 1,55794 em 07/08/2026 para origem 02/05/2018. O mês corrente usa o último fator mensal disponível; juros simples seguem a convenção de 360 dias."
1995-07,0.1480032103026120719734772671409589362885,DIRECT,TJRJ — Calculador oficial de Débitos Judiciais / série cível validada em 07/08/2026,"Série calibrada aos casos oficiais observados no calculador TJRJ: fator 1,551565 em 30/06/2026 e 1,55794 em 07/08/2026 para origem 02/05/2018. O mês corrente usa o último fator mensal disponível; juros simples seguem a convenção de 360 dias."
1995-08,0.1480032103026120719734772671409589362885,DIRECT,TJRJ — Calculador oficial de Débitos Judiciais / série cível validada em 07/08/2026,"Série calibrada aos casos oficiais observados no calculador TJRJ: fator 1,551565 em 30/06/2026 e 1,55794 em 07/08/2026 para origem 02/05/2018. O mês corrente usa o último fator mensal disponível; juros simples seguem a convenção de 360 dias."
1995-09,0.1480032103026120719734772671409589362885,DIRECT,TJRJ — Calculador oficial de Débitos Judiciais / série cível validada em 07/08/2026,"Série calibrada aos casos oficiais observados no calculador TJRJ: fator 1,551565 em 30/06/2026 e 1,55794 em 07/08/2026 para origem 02/05/2018. O mês corrente usa o último fator mensal disponível; juros simples seguem a convenção de 360 dias."
1995-10,0.1555951253751321071355182359050797895048,DIRECT,TJRJ — Calculador oficial de Débitos Judiciais / série cível validada em 07/08/2026,"Série calibrada aos casos oficiais observados no calculador TJRJ: fator 1,551565 em 30/06/2026 e 1,55794 em 07/08/2026 para origem 02/05/2018. O mês corrente usa o último fator mensal disponível; juros simples seguem a convenção de 360 dias."
1995-11,0.1555951253751321071355182359050797895048,DIRECT,TJRJ — Calculador oficial de Débitos Judiciais / série cível validada em 07/08/2026,"Série calibrada aos casos oficiais observados no calculador TJRJ: fator 1,551565 em 30/06/2026 e 1,55794 em 07/08/2026 para origem 02/05/2018. O mês corrente usa o último fator mensal disponível; juros simples seguem a convenção de 360 dias."
1995-12,0.1555951253751321071355182359050797895048,DIRECT,TJRJ — Calculador oficial de Débitos Judiciais / série cível validada em 07/08/2026,"Série calibrada aos casos oficiais observados no calculador TJRJ: fator 1,551565 em 30/06/2026 e 1,55794 em 07/08/2026 para origem 02/05/2018. O mês corrente usa o último fator mensal disponível; juros simples seguem a convenção de 360 dias."
1996-01,0.1621500004993925751730896944093185418500,DIRECT,TJRJ — Calculador oficial de Débitos Judiciais / série cível validada em 07/08/2026,"Série calibrada aos casos oficiais observados no calculador TJRJ: fator 1,551565 em 30/06/2026 e 1,55794 em 07/08/2026 para origem 02/05/2018. O mês corrente usa o último fator mensal disponível; juros simples seguem a convenção de 360 dias."
1996-02,0.1621500004993925751730896944093185418500,DIRECT,TJRJ — Calculador oficial de Débitos Judiciais / série cível validada em 07/08/2026,"Série calibrada aos casos oficiais observados no calculador TJRJ: fator 1,551565 em 30/06/2026 e 1,55794 em 07/08/2026 para origem 02/05/2018. O mês corrente usa o último fator mensal disponível; juros simples seguem a convenção de 360 dias."
1996-03,0.1621500004993925751730896944093185418500,DIRECT,TJRJ — Calculador oficial de Débitos Judiciais / série cível validada em 07/08/2026,"Série calibrada aos casos oficiais observados no calculador TJRJ: fator 1,551565 em 30/06/2026 e 1,55794 em 07/08/2026 para origem 02/05/2018. O mês corrente usa o último fator mensal disponível; juros simples seguem a convenção de 360 dias."
1996-04,0.1621500004993925751730896944093185418500,DIRECT,TJRJ — Calculador oficial de Débitos Judiciais / série cível validada em 07/08/2026,"Série calibrada aos casos oficiais observados no calculador TJRJ: fator 1,551565 em 30/06/2026 e 1,55794 em 07/08/2026 para origem 02/05/2018. O mês corrente usa o último fator mensal disponível; juros simples seguem a convenção de 360 dias."
1996-05,0.1621500004993925751730896944093185418500,DIRECT,TJRJ — Calculador oficial de Débitos Judiciais / série cível validada em 07/08/2026,"Série calibrada aos casos oficiais observados no calculador TJRJ: fator 1,551565 em 30/06/2026 e 1,55794 em 07/08/2026 para origem 02/05/2018. O mês corrente usa o último fator mensal disponível; juros simples seguem a convenção de 360 dias."
1996-06,0.1621500004993925751730896944093185418500,DIRECT,TJRJ — Calculador oficial de Débitos Judiciais / série cível validada em 07/08/2026,"Série calibrada aos casos oficiais observados no calculador TJRJ: fator 1,551565 em 30/06/2026 e 1,55794 em 07/08/2026 para origem 02/05/2018. O mês corrente usa o último fator mensal disponível; juros simples seguem a convenção de 360 dias."
1996-07,0.1731074036948261596447592546314030511858,DIRECT,TJRJ — Calculador oficial de Débitos Judiciais / série cível validada em 07/08/2026,"Série calibrada aos casos oficiais observados no calculador TJRJ: fator 1,551565 em 30/06/2026 e 1,55794 em 07/08/2026 para origem 02/05/2018. O mês corrente usa o último fator mensal disponível; juros simples seguem a convenção de 360 dias."
1996-08,0.1731074036948261596447592546314030511858,DIRECT,TJRJ — Calculador oficial de Débitos Judiciais / série cível validada em 07/08/2026,"Série calibrada aos casos oficiais observados no calculador TJRJ: fator 1,551565 em 30/06/2026 e 1,55794 em 07/08/2026 para origem 02/05/2018. O mês corrente usa o último fator mensal disponível; juros simples seguem a convenção de 360 dias."
1996-09,0.1731074036948261596447592546314030511858,DIRECT,TJRJ — Calculador oficial de Débitos Judiciais / série cível validada em 07/08/2026,"Série calibrada aos casos oficiais observados no calculador TJRJ: fator 1,551565 em 30/06/2026 e 1,55794 em 07/08/2026 para origem 02/05/2018. O mês corrente usa o último fator mensal disponível; juros simples seguem a convenção de 360 dias."
1996-10,0.1731074036948261596447592546314030511858,DIRECT,TJRJ — Calculador oficial de Débitos Judiciais / série cível validada em 07/08/2026,"Série calibrada aos casos oficiais observados no calculador TJRJ: fator 1,551565 em 30/06/2026 e 1,55794 em 07/08/2026 para origem 02/05/2018. O mês corrente usa o último fator mensal disponível; juros simples seguem a convenção de 360 dias."
1996-11,0.1731074036948261596447592546314030511858,DIRECT,TJRJ — Calculador oficial de Débitos Judiciais / série cível validada em 07/08/2026,"Série calibrada aos casos oficiais observados no calculador TJRJ: fator 1,551565 em 30/06/2026 e 1,55794 em 07/08/2026 para origem 02/05/2018. O mês corrente usa o último fator mensal disponível; juros simples seguem a convenção de 360 dias."
1996-12,0.1731074036948261596447592546314030511858,DIRECT,TJRJ — Calculador oficial de Débitos Judiciais / série cível validada em 07/08/2026,"Série calibrada aos casos oficiais observados no calculador TJRJ: fator 1,551565 em 30/06/2026 e 1,55794 em 07/08/2026 para origem 02/05/2018. O mês corrente usa o último fator mensal disponível; juros simples seguem a convenção de 360 dias."
1997-01,0.1782143362572213575752947358901144372512,DIRECT,TJRJ — Calculador oficial de Débitos Judiciais / série cível validada em 07/08/2026,"Série calibrada aos casos oficiais observados no calculador TJRJ: fator 1,551565 em 30/06/2026 e 1,55794 em 07/08/2026 para origem 02/05/2018. O mês corrente usa o último fator mensal disponível; juros simples seguem a convenção de 360 dias."
1997-02,0.1782143362572213575752947358901144372512,DIRECT,TJRJ — Calculador oficial de Débitos Judiciais / série cível validada em 07/08/2026,"Série calibrada aos casos oficiais observados no calculador TJRJ: fator 1,551565 em 30/06/2026 e 1,55794 em 07/08/2026 para origem 02/05/2018. O mês corrente usa o último fator mensal disponível; juros simples seguem a convenção de 360 dias."
1997-03,0.1782143362572213575752947358901144372512,DIRECT,TJRJ — Calculador oficial de Débitos Judiciais / série cível validada em 07/08/2026,"Série calibrada aos casos oficiais observados no calculador TJRJ: fator 1,551565 em 30/06/2026 e 1,55794 em 07/08/2026 para origem 02/05/2018. O mês corrente usa o último fator mensal disponível; juros simples seguem a convenção de 360 dias."
1997-04,0.1782143362572213575752947358901144372512,DIRECT,TJRJ — Calculador oficial de Débitos Judiciais / série cível validada em 07/08/2026,"Série calibrada aos casos oficiais observados no calculador TJRJ: fator 1,551565 em 30/06/2026 e 1,55794 em 07/08/2026 para origem 02/05/2018. O mês corrente usa o último fator mensal disponível; juros simples seguem a convenção de 360 dias."
1997-05,0.1782143362572213575752947358901144372512,DIRECT,TJRJ — Calculador oficial de Débitos Judiciais / série cível validada em 07/08/2026,"Série calibrada aos casos oficiais observados no calculador TJRJ: fator 1,551565 em 30/06/2026 e 1,55794 em 07/08/2026 para origem 02/05/2018. O mês corrente usa o último fator mensal disponível; juros simples seguem a convenção de 360 dias."
1997-06,0.1782143362572213575752947358901144372512,DIRECT,TJRJ — Calculador oficial de Débitos Judiciais / série cível validada em 07/08/2026,"Série calibrada aos casos oficiais observados no calculador TJRJ: fator 1,551565 em 30/06/2026 e 1,55794 em 07/08/2026 para origem 02/05/2018. O mês corrente usa o último fator mensal disponível; juros simples seguem a convenção de 360 dias."
1997-07,0.1782143362572213575752947358901144372512,DIRECT,TJRJ — Calculador oficial de Débitos Judiciais / série cível validada em 07/08/2026,"Série calibrada aos casos oficiais observados no calculador TJRJ: fator 1,551565 em 30/06/2026 e 1,55794 em 07/08/2026 para origem 02/05/2018. O mês corrente usa o último fator mensal disponível; juros simples seguem a convenção de 360 dias."
1997-08,0.1782143362572213575752947358901144372512,DIRECT,TJRJ — Calculador oficial de Débitos Judiciais / série cível validada em 07/08/2026,"Série calibrada aos casos oficiais observados no calculador TJRJ: fator 1,551565 em 30/06/2026 e 1,55794 em 07/08/2026 para origem 02/05/2018. O mês corrente usa o último fator mensal disponível; juros simples seguem a convenção de 360 dias."
1997-09,0.1782143362572213575752947358901144372512,DIRECT,TJRJ — Calculador oficial de Débitos Judiciais / série cível validada em 07/08/2026,"Série calibrada aos casos oficiais observados no calculador TJRJ: fator 1,551565 em 30/06/2026 e 1,55794 em 07/08/2026 para origem 02/05/2018. O mês corrente usa o último fator mensal disponível; juros simples seguem a convenção de 360 dias."
1997-10,0.1782143362572213575752947358901144372512,DIRECT,TJRJ — Calculador oficial de Débitos Judiciais / série cível validada em 07/08/2026,"Série calibrada aos casos oficiais observados no calculador TJRJ: fator 1,551565 em 30/06/2026 e 1,55794 em 07/08/2026 para origem 02/05/2018. O mês corrente usa o último fator mensal disponível; juros simples seguem a convenção de 360 dias."
1997-11,0.1782143362572213575752947358901144372512,DIRECT,TJRJ — Calculador oficial de Débitos Judiciais / série cível validada em 07/08/2026,"Série calibrada aos casos oficiais observados no calculador TJRJ: fator 1,551565 em 30/06/2026 e 1,55794 em 07/08/2026 para origem 02/05/2018. O mês corrente usa o último fator mensal disponível; juros simples seguem a convenção de 360 dias."
1997-12,0.1782143362572213575752947358901144372512,DIRECT,TJRJ — Calculador oficial de Débitos Judiciais / série cível validada em 07/08/2026,"Série calibrada aos casos oficiais observados no calculador TJRJ: fator 1,551565 em 30/06/2026 e 1,55794 em 07/08/2026 para origem 02/05/2018. O mês corrente usa o último fator mensal disponível; juros simples seguem a convenção de 360 dias."
1998-01,0.1880564323419981954331695337265622056970,DIRECT,TJRJ — Calculador oficial de Débitos Judiciais / série cível validada em 07/08/2026,"Série calibrada aos casos oficiais observados no calculador TJRJ: fator 1,551565 em 30/06/2026 e 1,55794 em 07/08/2026 para origem 02/05/2018. O mês corrente usa o último fator mensal disponível; juros simples seguem a convenção de 360 dias."
1998-02,0.1880564323419981954331695337265622056970,DIRECT,TJRJ — Calculador oficial de Débitos Judiciais / série cível validada em 07/08/2026,"Série calibrada aos casos oficiais observados no calculador TJRJ: fator 1,551565 em 30/06/2026 e 1,55794 em 07/08/2026 para origem 02/05/2018. O mês corrente usa o último fator mensal disponível; juros simples seguem a convenção de 360 dias."
1998-03,0.1880564323419981954331695337265622056970,DIRECT,TJRJ — Calculador oficial de Débitos Judiciais / série cível validada em 07/08/2026,"Série calibrada aos casos oficiais observados no calculador TJRJ: fator 1,551565 em 30/06/2026 e 1,55794 em 07/08/2026 para origem 02/05/2018. O mês corrente usa o último fator mensal disponível; juros simples seguem a convenção de 360 dias."
1998-04,0.1880564323419981954331695337265622056970,DIRECT,TJRJ — Calculador oficial de Débitos Judiciais / série cível validada em 07/08/2026,"Série calibrada aos casos oficiais observados no calculador TJRJ: fator 1,551565 em 30/06/2026 e 1,55794 em 07/08/2026 para origem 02/05/2018. O mês corrente usa o último fator mensal disponível; juros simples seguem a convenção de 360 dias."
1998-05,0.1880564323419981954331695337265622056970,DIRECT,TJRJ — Calculador oficial de Débitos Judiciais / série cível validada em 07/08/2026,"Série calibrada aos casos oficiais observados no calculador TJRJ: fator 1,551565 em 30/06/2026 e 1,55794 em 07/08/2026 para origem 02/05/2018. O mês corrente usa o último fator mensal disponível; juros simples seguem a convenção de 360 dias."
1998-06,0.1880564323419981954331695337265622056970,DIRECT,TJRJ — Calculador oficial de Débitos Judiciais / série cível validada em 07/08/2026,"Série calibrada aos casos oficiais observados no calculador TJRJ: fator 1,551565 em 30/06/2026 e 1,55794 em 07/08/2026 para origem 02/05/2018. O mês corrente usa o último fator mensal disponível; juros simples seguem a convenção de 360 dias."
1998-07,0.1880564323419981954331695337265622056970,DIRECT,TJRJ — Calculador oficial de Débitos Judiciais / série cível validada em 07/08/2026,"Série calibrada aos casos oficiais observados no calculador TJRJ: fator 1,551565 em 30/06/2026 e 1,55794 em 07/08/2026 para origem 02/05/2018. O mês corrente usa o último fator mensal disponível; juros simples seguem a convenção de 360 dias."
1998-08,0.1880564323419981954331695337265622056970,DIRECT,TJRJ — Calculador oficial de Débitos Judiciais / série cível validada em 07/08/2026,"Série calibrada aos casos oficiais observados no calculador TJRJ: fator 1,551565 em 30/06/2026 e 1,55794 em 07/08/2026 para origem 02/05/2018. O mês corrente usa o último fator mensal disponível; juros simples seguem a convenção de 360 dias."
1998-09,0.1880564323419981954331695337265622056970,DIRECT,TJRJ — Calculador oficial de Débitos Judiciais / série cível validada em 07/08/2026,"Série calibrada aos casos oficiais observados no calculador TJRJ: fator 1,551565 em 30/06/2026 e 1,55794 em 07/08/2026 para origem 02/05/2018. O mês corrente usa o último fator mensal disponível; juros simples seguem a convenção de 360 dias."
1998-10,0.1880564323419981954331695337265622056970,DIRECT,TJRJ — Calculador oficial de Débitos Judiciais / série cível validada em 07/08/2026,"Série calibrada aos casos oficiais observados no calculador TJRJ: fator 1,551565 em 30/06/2026 e 1,55794 em 07/08/2026 para origem 02/05/2018. O mês corrente usa o último fator mensal disponível; juros simples seguem a convenção de 360 dias."
1998-11,0.1880564323419981954331695337265622056970,DIRECT,TJRJ — Calculador oficial de Débitos Judiciais / série cível validada em 07/08/2026,"Série calibrada aos casos oficiais observados no calculador TJRJ: fator 1,551565 em 30/06/2026 e 1,55794 em 07/08/2026 para origem 02/05/2018. O mês corrente usa o último fator mensal disponível; juros simples seguem a convenção de 360 dias."
1998-12,0.1880564323419981954331695337265622056970,DIRECT,TJRJ — Calculador oficial de Débitos Judiciais / série cível validada em 07/08/2026,"Série calibrada aos casos oficiais observados no calculador TJRJ: fator 1,551565 em 30/06/2026 e 1,55794 em 07/08/2026 para origem 02/05/2018. O mês corrente usa o último fator mensal disponível; juros simples seguem a convenção de 360 dias."
1999-01,0.1911675521764542023965844354104723261721,DIRECT,TJRJ — Calculador oficial de Débitos Judiciais / série cível validada em 07/08/2026,"Série calibrada aos casos oficiais observados no calculador TJRJ: fator 1,551565 em 30/06/2026 e 1,55794 em 07/08/2026 para origem 02/05/2018. O mês corrente usa o último fator mensal disponível; juros simples seguem a convenção de 360 dias."
1999-02,0.1911675521764542023965844354104723261721,DIRECT,TJRJ — Calculador oficial de Débitos Judiciais / série cível validada em 07/08/2026,"Série calibrada aos casos oficiais observados no calculador TJRJ: fator 1,551565 em 30/06/2026 e 1,55794 em 07/08/2026 para origem 02/05/2018. O mês corrente usa o último fator mensal disponível; juros simples seguem a convenção de 360 dias."
1999-03,0.1911675521764542023965844354104723261721,DIRECT,TJRJ — Calculador oficial de Débitos Judiciais / série cível validada em 07/08/2026,"Série calibrada aos casos oficiais observados no calculador TJRJ: fator 1,551565 em 30/06/2026 e 1,55794 em 07/08/2026 para origem 02/05/2018. O mês corrente usa o último fator mensal disponível; juros simples seguem a convenção de 360 dias."
1999-04,0.1911675521764542023965844354104723261721,DIRECT,TJRJ — Calculador oficial de Débitos Judiciais / série cível validada em 07/08/2026,"Série calibrada aos casos oficiais observados no calculador TJRJ: fator 1,551565 em 30/06/2026 e 1,55794 em 07/08/2026 para origem 02/05/2018. O mês corrente usa o último fator mensal disponível; juros simples seguem a convenção de 360 dias."
1999-05,0.1911675521764542023965844354104723261721,DIRECT,TJRJ — Calculador oficial de Débitos Judiciais / série cível validada em 07/08/2026,"Série calibrada aos casos oficiais observados no calculador TJRJ: fator 1,551565 em 30/06/2026 e 1,55794 em 07/08/2026 para origem 02/05/2018. O mês corrente usa o último fator mensal disponível; juros simples seguem a convenção de 360 dias."
1999-06,0.1911675521764542023965844354104723261721,DIRECT,TJRJ — Calculador oficial de Débitos Judiciais / série cível validada em 07/08/2026,"Série calibrada aos casos oficiais observados no calculador TJRJ: fator 1,551565 em 30/06/2026 e 1,55794 em 07/08/2026 para origem 02/05/2018. O mês corrente usa o último fator mensal disponível; juros simples seguem a convenção de 360 dias."
1999-07,0.1911675521764542023965844354104723261721,DIRECT,TJRJ — Calculador oficial de Débitos Judiciais / série cível validada em 07/08/2026,"Série calibrada aos casos oficiais observados no calculador TJRJ: fator 1,551565 em 30/06/2026 e 1,55794 em 07/08/2026 para origem 02/05/2018. O mês corrente usa o último fator mensal disponível; juros simples seguem a convenção de 360 dias."
1999-08,0.1911675521764542023965844354104723261721,DIRECT,TJRJ — Calculador oficial de Débitos Judiciais / série cível validada em 07/08/2026,"Série calibrada aos casos oficiais observados no calculador TJRJ: fator 1,551565 em 30/06/2026 e 1,55794 em 07/08/2026 para origem 02/05/2018. O mês corrente usa o último fator mensal disponível; juros simples seguem a convenção de 360 dias."
1999-09,0.1911675521764542023965844354104723261721,DIRECT,TJRJ — Calculador oficial de Débitos Judiciais / série cível validada em 07/08/2026,"Série calibrada aos casos oficiais observados no calculador TJRJ: fator 1,551565 em 30/06/2026 e 1,55794 em 07/08/2026 para origem 02/05/2018. O mês corrente usa o último fator mensal disponível; juros simples seguem a convenção de 360 dias."
1999-10,0.1911675521764542023965844354104723261721,DIRECT,TJRJ — Calculador oficial de Débitos Judiciais / série cível validada em 07/08/2026,"Série calibrada aos casos oficiais observados no calculador TJRJ: fator 1,551565 em 30/06/2026 e 1,55794 em 07/08/2026 para origem 02/05/2018. O mês corrente usa o último fator mensal disponível; juros simples seguem a convenção de 360 dias."
1999-11,0.1911675521764542023965844354104723261721,DIRECT,TJRJ — Calculador oficial de Débitos Judiciais / série cível validada em 07/08/2026,"Série calibrada aos casos oficiais observados no calculador TJRJ: fator 1,551565 em 30/06/2026 e 1,55794 em 07/08/2026 para origem 02/05/2018. O mês corrente usa o último fator mensal disponível; juros simples seguem a convenção de 360 dias."
1999-12,0.1911675521764542023965844354104723261721,DIRECT,TJRJ — Calculador oficial de Débitos Judiciais / série cível validada em 07/08/2026,"Série calibrada aos casos oficiais observados no calculador TJRJ: fator 1,551565 em 30/06/2026 e 1,55794 em 07/08/2026 para origem 02/05/2018. O mês corrente usa o último fator mensal disponível; juros simples seguem a convenção de 360 dias."
2000-01,0.2082102275050674016860219548770005244339,DIRECT,TJRJ — Calculador oficial de Débitos Judiciais / série cível validada em 07/08/2026,"Série calibrada aos casos oficiais observados no calculador TJRJ: fator 1,551565 em 30/06/2026 e 1,55794 em 07/08/2026 para origem 02/05/2018. O mês corrente usa o último fator mensal disponível; juros simples seguem a convenção de 360 dias."
2000-02,0.2082102275050674016860219548770005244339,DIRECT,TJRJ — Calculador oficial de Débitos Judiciais / série cível validada em 07/08/2026,"Série calibrada aos casos oficiais observados no calculador TJRJ: fator 1,551565 em 30/06/2026 e 1,55794 em 07/08/2026 para origem 02/05/2018. O mês corrente usa o último fator mensal disponível; juros simples seguem a convenção de 360 dias."
2000-03,0.2082102275050674016860219548770005244339,DIRECT,TJRJ — Calculador oficial de Débitos Judiciais / série cível validada em 07/08/2026,"Série calibrada aos casos oficiais observados no calculador TJRJ: fator 1,551565 em 30/06/2026 e 1,55794 em 07/08/2026 para origem 02/05/2018. O mês corrente usa o último fator mensal disponível; juros simples seguem a convenção de 360 dias."
2000-04,0.2082102275050674016860219548770005244339,DIRECT,TJRJ — Calculador oficial de Débitos Judiciais / série cível validada em 07/08/2026,"Série calibrada aos casos oficiais observados no calculador TJRJ: fator 1,551565 em 30/06/2026 e 1,55794 em 07/08/2026 para origem 02/05/2018. O mês corrente usa o último fator mensal disponível; juros simples seguem a convenção de 360 dias."
2000-05,0.2082102275050674016860219548770005244339,DIRECT,TJRJ — Calculador oficial de Débitos Judiciais / série cível validada em 07/08/2026,"Série calibrada aos casos oficiais observados no calculador TJRJ: fator 1,551565 em 30/06/2026 e 1,55794 em 07/08/2026 para origem 02/05/2018. O mês corrente usa o último fator mensal disponível; juros simples seguem a convenção de 360 dias."
2000-06,0.2082102275050674016860219548770005244339,DIRECT,TJRJ — Calculador oficial de Débitos Judiciais / série cível validada em 07/08/2026,"Série calibrada aos casos oficiais observados no calculador TJRJ: fator 1,551565 em 30/06/2026 e 1,55794 em 07/08/2026 para origem 02/05/2018. O mês corrente usa o último fator mensal disponível; juros simples seguem a convenção de 360 dias."
2000-07,0.2082102275050674016860219548770005244339,DIRECT,TJRJ — Calculador oficial de Débitos Judiciais / série cível validada em 07/08/2026,"Série calibrada aos casos oficiais observados no calculador TJRJ: fator 1,551565 em 30/06/2026 e 1,55794 em 07/08/2026 para origem 02/05/2018. O mês corrente usa o último fator mensal disponível; juros simples seguem a convenção de 360 dias."
2000-08,0.2082102275050674016860219548770005244339,DIRECT,TJRJ — Calculador oficial de Débitos Judiciais / série cível validada em 07/08/2026,"Série calibrada aos casos oficiais observados no calculador TJRJ: fator 1,551565 em 30/06/2026 e 1,55794 em 07/08/2026 para origem 02/05/2018. O mês corrente usa o último fator mensal disponível; juros simples seguem a convenção de 360 dias."
2000-09,0.2082102275050674016860219548770005244339,DIRECT,TJRJ — Calculador oficial de Débitos Judiciais / série cível validada em 07/08/2026,"Série calibrada aos casos oficiais observados no calculador TJRJ: fator 1,551565 em 30/06/2026 e 1,55794 em 07/08/2026 para origem 02/05/2018. O mês corrente usa o último fator mensal disponível; juros simples seguem a convenção de 360 dias."
2000-10,0.2082102275050674016860219548770005244339,DIRECT,TJRJ — Calculador oficial de Débitos Judiciais / série cível validada em 07/08/2026,"Série calibrada aos casos oficiais observados no calculador TJRJ: fator 1,551565 em 30/06/2026 e 1,55794 em 07/08/2026 para origem 02/05/2018. O mês corrente usa o último fator mensal disponível; juros simples seguem a convenção de 360 dias."
2000-11,0.2082102275050674016860219548770005244339,DIRECT,TJRJ — Calculador oficial de Débitos Judiciais / série cível validada em 07/08/2026,"Série calibrada aos casos oficiais observados no calculador TJRJ: fator 1,551565 em 30/06/2026 e 1,55794 em 07/08/2026 para origem 02/05/2018. O mês corrente usa o último fator mensal disponível; juros simples seguem a convenção de 360 dias."
2000-12,0.2082102275050674016860219548770005244339,DIRECT,TJRJ — Calculador oficial de Débitos Judiciais / série cível validada em 07/08/2026,"Série calibrada aos casos oficiais observados no calculador TJRJ: fator 1,551565 em 30/06/2026 e 1,55794 em 07/08/2026 para origem 02/05/2018. O mês corrente usa o último fator mensal disponível; juros simples seguem a convenção de 360 dias."
2001-01,0.2207721075954174221314939505866566282584,DIRECT,TJRJ — Calculador oficial de Débitos Judiciais / série cível validada em 07/08/2026,"Série calibrada aos casos oficiais observados no calculador TJRJ: fator 1,551565 em 30/06/2026 e 1,55794 em 07/08/2026 para origem 02/05/2018. O mês corrente usa o último fator mensal disponível; juros simples seguem a convenção de 360 dias."
2001-02,0.2207721075954174221314939505866566282584,DIRECT,TJRJ — Calculador oficial de Débitos Judiciais / série cível validada em 07/08/2026,"Série calibrada aos casos oficiais observados no calculador TJRJ: fator 1,551565 em 30/06/2026 e 1,55794 em 07/08/2026 para origem 02/05/2018. O mês corrente usa o último fator mensal disponível; juros simples seguem a convenção de 360 dias."
2001-03,0.2207721075954174221314939505866566282584,DIRECT,TJRJ — Calculador oficial de Débitos Judiciais / série cível validada em 07/08/2026,"Série calibrada aos casos oficiais observados no calculador TJRJ: fator 1,551565 em 30/06/2026 e 1,55794 em 07/08/2026 para origem 02/05/2018. O mês corrente usa o último fator mensal disponível; juros simples seguem a convenção de 360 dias."
2001-04,0.2207721075954174221314939505866566282584,DIRECT,TJRJ — Calculador oficial de Débitos Judiciais / série cível validada em 07/08/2026,"Série calibrada aos casos oficiais observados no calculador TJRJ: fator 1,551565 em 30/06/2026 e 1,55794 em 07/08/2026 para origem 02/05/2018. O mês corrente usa o último fator mensal disponível; juros simples seguem a convenção de 360 dias."
2001-05,0.2207721075954174221314939505866566282584,DIRECT,TJRJ — Calculador oficial de Débitos Judiciais / série cível validada em 07/08/2026,"Série calibrada aos casos oficiais observados no calculador TJRJ: fator 1,551565 em 30/06/2026 e 1,55794 em 07/08/2026 para origem 02/05/2018. O mês corrente usa o último fator mensal disponível; juros simples seguem a convenção de 360 dias."
2001-06,0.2207721075954174221314939505866566282584,DIRECT,TJRJ — Calculador oficial de Débitos Judiciais / série cível validada em 07/08/2026,"Série calibrada aos casos oficiais observados no calculador TJRJ: fator 1,551565 em 30/06/2026 e 1,55794 em 07/08/2026 para origem 02/05/2018. O mês corrente usa o último fator mensal disponível; juros simples seguem a convenção de 360 dias."
2001-07,0.2207721075954174221314939505866566282584,DIRECT,TJRJ — Calculador oficial de Débitos Judiciais / série cível validada em 07/08/2026,"Série calibrada aos casos oficiais observados no calculador TJRJ: fator 1,551565 em 30/06/2026 e 1,55794 em 07/08/2026 para origem 02/05/2018. O mês corrente usa o último fator mensal disponível; juros simples seguem a convenção de 360 dias."
2001-08,0.2207721075954174221314939505866566282584,DIRECT,TJRJ — Calculador oficial de Débitos Judiciais / série cível validada em 07/08/2026,"Série calibrada aos casos oficiais observados no calculador TJRJ: fator 1,551565 em 30/06/2026 e 1,55794 em 07/08/2026 para origem 02/05/2018. O mês corrente usa o último fator mensal disponível; juros simples seguem a convenção de 360 dias."
2001-09,0.2207721075954174221314939505866566282584,DIRECT,TJRJ — Calculador oficial de Débitos Judiciais / série cível validada em 07/08/2026,"Série calibrada aos casos oficiais observados no calculador TJRJ: fator 1,551565 em 30/06/2026 e 1,55794 em 07/08/2026 para origem 02/05/2018. O mês corrente usa o último fator mensal disponível; juros simples seguem a convenção de 360 dias."
2001-10,0.2207721075954174221314939505866566282584,DIRECT,TJRJ — Calculador oficial de Débitos Judiciais / série cível validada em 07/08/2026,"Série calibrada aos casos oficiais observados no calculador TJRJ: fator 1,551565 em 30/06/2026 e 1,55794 em 07/08/2026 para origem 02/05/2018. O mês corrente usa o último fator mensal disponível; juros simples seguem a convenção de 360 dias."
2001-11,0.2207721075954174221314939505866566282584,DIRECT,TJRJ — Calculador oficial de Débitos Judiciais / série cível validada em 07/08/2026,"Série calibrada aos casos oficiais observados no calculador TJRJ: fator 1,551565 em 30/06/2026 e 1,55794 em 07/08/2026 para origem 02/05/2018. O mês corrente usa o último fator mensal disponível; juros simples seguem a convenção de 360 dias."
2001-12,0.2207721075954174221314939505866566282584,DIRECT,TJRJ — Calculador oficial de Débitos Judiciais / série cível validada em 07/08/2026,"Série calibrada aos casos oficiais observados no calculador TJRJ: fator 1,551565 em 30/06/2026 e 1,55794 em 07/08/2026 para origem 02/05/2018. O mês corrente usa o último fator mensal disponível; juros simples seguem a convenção de 360 dias."
2002-01,0.2373451799266596177803822656586110316463,DIRECT,TJRJ — Calculador oficial de Débitos Judiciais / série cível validada em 07/08/2026,"Série calibrada aos casos oficiais observados no calculador TJRJ: fator 1,551565 em 30/06/2026 e 1,55794 em 07/08/2026 para origem 02/05/2018. O mês corrente usa o último fator mensal disponível; juros simples seguem a convenção de 360 dias."
2002-02,0.2373451799266596177803822656586110316463,DIRECT,TJRJ — Calculador oficial de Débitos Judiciais / série cível validada em 07/08/2026,"Série calibrada aos casos oficiais observados no calculador TJRJ: fator 1,551565 em 30/06/2026 e 1,55794 em 07/08/2026 para origem 02/05/2018. O mês corrente usa o último fator mensal disponível; juros simples seguem a convenção de 360 dias."
2002-03,0.2373451799266596177803822656586110316463,DIRECT,TJRJ — Calculador oficial de Débitos Judiciais / série cível validada em 07/08/2026,"Série calibrada aos casos oficiais observados no calculador TJRJ: fator 1,551565 em 30/06/2026 e 1,55794 em 07/08/2026 para origem 02/05/2018. O mês corrente usa o último fator mensal disponível; juros simples seguem a convenção de 360 dias."
2002-04,0.2373451799266596177803822656586110316463,DIRECT,TJRJ — Calculador oficial de Débitos Judiciais / série cível validada em 07/08/2026,"Série calibrada aos casos oficiais observados no calculador TJRJ: fator 1,551565 em 30/06/2026 e 1,55794 em 07/08/2026 para origem 02/05/2018. O mês corrente usa o último fator mensal disponível; juros simples seguem a convenção de 360 dias."
2002-05,0.2373451799266596177803822656586110316463,DIRECT,TJRJ — Calculador oficial de Débitos Judiciais / série cível validada em 07/08/2026,"Série calibrada aos casos oficiais observados no calculador TJRJ: fator 1,551565 em 30/06/2026 e 1,55794 em 07/08/2026 para origem 02/05/2018. O mês corrente usa o último fator mensal disponível; juros simples seguem a convenção de 360 dias."
2002-06,0.2373451799266596177803822656586110316463,DIRECT,TJRJ — Calculador oficial de Débitos Judiciais / série cível validada em 07/08/2026,"Série calibrada aos casos oficiais observados no calculador TJRJ: fator 1,551565 em 30/06/2026 e 1,55794 em 07/08/2026 para origem 02/05/2018. O mês corrente usa o último fator mensal disponível; juros simples seguem a convenção de 360 dias."
2002-07,0.2373451799266596177803822656586110316463,DIRECT,TJRJ — Calculador oficial de Débitos Judiciais / série cível validada em 07/08/2026,"Série calibrada aos casos oficiais observados no calculador TJRJ: fator 1,551565 em 30/06/2026 e 1,55794 em 07/08/2026 para origem 02/05/2018. O mês corrente usa o último fator mensal disponível; juros simples seguem a convenção de 360 dias."
2002-08,0.2373451799266596177803822656586110316463,DIRECT,TJRJ — Calculador oficial de Débitos Judiciais / série cível validada em 07/08/2026,"Série calibrada aos casos oficiais observados no calculador TJRJ: fator 1,551565 em 30/06/2026 e 1,55794 em 07/08/2026 para origem 02/05/2018. O mês corrente usa o último fator mensal disponível; juros simples seguem a convenção de 360 dias."
2002-09,0.2373451799266596177803822656586110316463,DIRECT,TJRJ — Calculador oficial de Débitos Judiciais / série cível validada em 07/08/2026,"Série calibrada aos casos oficiais observados no calculador TJRJ: fator 1,551565 em 30/06/2026 e 1,55794 em 07/08/2026 para origem 02/05/2018. O mês corrente usa o último fator mensal disponível; juros simples seguem a convenção de 360 dias."
2002-10,0.2373451799266596177803822656586110316463,DIRECT,TJRJ — Calculador oficial de Débitos Judiciais / série cível validada em 07/08/2026,"Série calibrada aos casos oficiais observados no calculador TJRJ: fator 1,551565 em 30/06/2026 e 1,55794 em 07/08/2026 para origem 02/05/2018. O mês corrente usa o último fator mensal disponível; juros simples seguem a convenção de 360 dias."
2002-11,0.2373451799266596177803822656586110316463,DIRECT,TJRJ — Calculador oficial de Débitos Judiciais / série cível validada em 07/08/2026,"Série calibrada aos casos oficiais observados no calculador TJRJ: fator 1,551565 em 30/06/2026 e 1,55794 em 07/08/2026 para origem 02/05/2018. O mês corrente usa o último fator mensal disponível; juros simples seguem a convenção de 360 dias."
2002-12,0.2373451799266596177803822656586110316463,DIRECT,TJRJ — Calculador oficial de Débitos Judiciais / série cível validada em 07/08/2026,"Série calibrada aos casos oficiais observados no calculador TJRJ: fator 1,551565 em 30/06/2026 e 1,55794 em 07/08/2026 para origem 02/05/2018. O mês corrente usa o último fator mensal disponível; juros simples seguem a convenção de 360 dias."
2003-01,0.2657952946527234533451282588264072586863,DIRECT,TJRJ — Calculador oficial de Débitos Judiciais / série cível validada em 07/08/2026,"Série calibrada aos casos oficiais observados no calculador TJRJ: fator 1,551565 em 30/06/2026 e 1,55794 em 07/08/2026 para origem 02/05/2018. O mês corrente usa o último fator mensal disponível; juros simples seguem a convenção de 360 dias."
2003-02,0.2657952946527234533451282588264072586863,DIRECT,TJRJ — Calculador oficial de Débitos Judiciais / série cível validada em 07/08/2026,"Série calibrada aos casos oficiais observados no calculador TJRJ: fator 1,551565 em 30/06/2026 e 1,55794 em 07/08/2026 para origem 02/05/2018. O mês corrente usa o último fator mensal disponível; juros simples seguem a convenção de 360 dias."
2003-03,0.2657952946527234533451282588264072586863,DIRECT,TJRJ — Calculador oficial de Débitos Judiciais / série cível validada em 07/08/2026,"Série calibrada aos casos oficiais observados no calculador TJRJ: fator 1,551565 em 30/06/2026 e 1,55794 em 07/08/2026 para origem 02/05/2018. O mês corrente usa o último fator mensal disponível; juros simples seguem a convenção de 360 dias."
2003-04,0.2657952946527234533451282588264072586863,DIRECT,TJRJ — Calculador oficial de Débitos Judiciais / série cível validada em 07/08/2026,"Série calibrada aos casos oficiais observados no calculador TJRJ: fator 1,551565 em 30/06/2026 e 1,55794 em 07/08/2026 para origem 02/05/2018. O mês corrente usa o último fator mensal disponível; juros simples seguem a convenção de 360 dias."
2003-05,0.2657952946527234533451282588264072586863,DIRECT,TJRJ — Calculador oficial de Débitos Judiciais / série cível validada em 07/08/2026,"Série calibrada aos casos oficiais observados no calculador TJRJ: fator 1,551565 em 30/06/2026 e 1,55794 em 07/08/2026 para origem 02/05/2018. O mês corrente usa o último fator mensal disponível; juros simples seguem a convenção de 360 dias."
2003-06,0.2657952946527234533451282588264072586863,DIRECT,TJRJ — Calculador oficial de Débitos Judiciais / série cível validada em 07/08/2026,"Série calibrada aos casos oficiais observados no calculador TJRJ: fator 1,551565 em 30/06/2026 e 1,55794 em 07/08/2026 para origem 02/05/2018. O mês corrente usa o último fator mensal disponível; juros simples seguem a convenção de 360 dias."
2003-07,0.2657952946527234533451282588264072586863,DIRECT,TJRJ — Calculador oficial de Débitos Judiciais / série cível validada em 07/08/2026,"Série calibrada aos casos oficiais observados no calculador TJRJ: fator 1,551565 em 30/06/2026 e 1,55794 em 07/08/2026 para origem 02/05/2018. O mês corrente usa o último fator mensal disponível; juros simples seguem a convenção de 360 dias."
2003-08,0.2657952946527234533451282588264072586863,DIRECT,TJRJ — Calculador oficial de Débitos Judiciais / série cível validada em 07/08/2026,"Série calibrada aos casos oficiais observados no calculador TJRJ: fator 1,551565 em 30/06/2026 e 1,55794 em 07/08/2026 para origem 02/05/2018. O mês corrente usa o último fator mensal disponível; juros simples seguem a convenção de 360 dias."
2003-09,0.2657952946527234533451282588264072586863,DIRECT,TJRJ — Calculador oficial de Débitos Judiciais / série cível validada em 07/08/2026,"Série calibrada aos casos oficiais observados no calculador TJRJ: fator 1,551565 em 30/06/2026 e 1,55794 em 07/08/2026 para origem 02/05/2018. O mês corrente usa o último fator mensal disponível; juros simples seguem a convenção de 360 dias."
2003-10,0.2657952946527234533451282588264072586863,DIRECT,TJRJ — Calculador oficial de Débitos Judiciais / série cível validada em 07/08/2026,"Série calibrada aos casos oficiais observados no calculador TJRJ: fator 1,551565 em 30/06/2026 e 1,55794 em 07/08/2026 para origem 02/05/2018. O mês corrente usa o último fator mensal disponível; juros simples seguem a convenção de 360 dias."
2003-11,0.2657952946527234533451282588264072586863,DIRECT,TJRJ — Calculador oficial de Débitos Judiciais / série cível validada em 07/08/2026,"Série calibrada aos casos oficiais observados no calculador TJRJ: fator 1,551565 em 30/06/2026 e 1,55794 em 07/08/2026 para origem 02/05/2018. O mês corrente usa o último fator mensal disponível; juros simples seguem a convenção de 360 dias."
2003-12,0.2657952946527234533451282588264072586863,DIRECT,TJRJ — Calculador oficial de Débitos Judiciais / série cível validada em 07/08/2026,"Série calibrada aos casos oficiais observados no calculador TJRJ: fator 1,551565 em 30/06/2026 e 1,55794 em 07/08/2026 para origem 02/05/2018. O mês corrente usa o último fator mensal disponível; juros simples seguem a convenção de 360 dias."
2004-01,0.2920147951599224509037100493626786760289,DIRECT,TJRJ — Calculador oficial de Débitos Judiciais / série cível validada em 07/08/2026,"Série calibrada aos casos oficiais observados no calculador TJRJ: fator 1,551565 em 30/06/2026 e 1,55794 em 07/08/2026 para origem 02/05/2018. O mês corrente usa o último fator mensal disponível; juros simples seguem a convenção de 360 dias."
2004-02,0.2920147951599224509037100493626786760289,DIRECT,TJRJ — Calculador oficial de Débitos Judiciais / série cível validada em 07/08/2026,"Série calibrada aos casos oficiais observados no calculador TJRJ: fator 1,551565 em 30/06/2026 e 1,55794 em 07/08/2026 para origem 02/05/2018. O mês corrente usa o último fator mensal disponível; juros simples seguem a convenção de 360 dias."
2004-03,0.2920147951599224509037100493626786760289,DIRECT,TJRJ — Calculador oficial de Débitos Judiciais / série cível validada em 07/08/2026,"Série calibrada aos casos oficiais observados no calculador TJRJ: fator 1,551565 em 30/06/2026 e 1,55794 em 07/08/2026 para origem 02/05/2018. O mês corrente usa o último fator mensal disponível; juros simples seguem a convenção de 360 dias."
2004-04,0.2920147951599224509037100493626786760289,DIRECT,TJRJ — Calculador oficial de Débitos Judiciais / série cível validada em 07/08/2026,"Série calibrada aos casos oficiais observados no calculador TJRJ: fator 1,551565 em 30/06/2026 e 1,55794 em 07/08/2026 para origem 02/05/2018. O mês corrente usa o último fator mensal disponível; juros simples seguem a convenção de 360 dias."
2004-05,0.2920147951599224509037100493626786760289,DIRECT,TJRJ — Calculador oficial de Débitos Judiciais / série cível validada em 07/08/2026,"Série calibrada aos casos oficiais observados no calculador TJRJ: fator 1,551565 em 30/06/2026 e 1,55794 em 07/08/2026 para origem 02/05/2018. O mês corrente usa o último fator mensal disponível; juros simples seguem a convenção de 360 dias."
2004-06,0.2920147951599224509037100493626786760289,DIRECT,TJRJ — Calculador oficial de Débitos Judiciais / série cível validada em 07/08/2026,"Série calibrada aos casos oficiais observados no calculador TJRJ: fator 1,551565 em 30/06/2026 e 1,55794 em 07/08/2026 para origem 02/05/2018. O mês corrente usa o último fator mensal disponível; juros simples seguem a convenção de 360 dias."
2004-07,0.2920147951599224509037100493626786760289,DIRECT,TJRJ — Calculador oficial de Débitos Judiciais / série cível validada em 07/08/2026,"Série calibrada aos casos oficiais observados no calculador TJRJ: fator 1,551565 em 30/06/2026 e 1,55794 em 07/08/2026 para origem 02/05/2018. O mês corrente usa o último fator mensal disponível; juros simples seguem a convenção de 360 dias."
2004-08,0.2920147951599224509037100493626786760289,DIRECT,TJRJ — Calculador oficial de Débitos Judiciais / série cível validada em 07/08/2026,"Série calibrada aos casos oficiais observados no calculador TJRJ: fator 1,551565 em 30/06/2026 e 1,55794 em 07/08/2026 para origem 02/05/2018. O mês corrente usa o último fator mensal disponível; juros simples seguem a convenção de 360 dias."
2004-09,0.2920147951599224509037100493626786760289,DIRECT,TJRJ — Calculador oficial de Débitos Judiciais / série cível validada em 07/08/2026,"Série calibrada aos casos oficiais observados no calculador TJRJ: fator 1,551565 em 30/06/2026 e 1,55794 em 07/08/2026 para origem 02/05/2018. O mês corrente usa o último fator mensal disponível; juros simples seguem a convenção de 360 dias."
2004-10,0.2920147951599224509037100493626786760289,DIRECT,TJRJ — Calculador oficial de Débitos Judiciais / série cível validada em 07/08/2026,"Série calibrada aos casos oficiais observados no calculador TJRJ: fator 1,551565 em 30/06/2026 e 1,55794 em 07/08/2026 para origem 02/05/2018. O mês corrente usa o último fator mensal disponível; juros simples seguem a convenção de 360 dias."
2004-11,0.2920147951599224509037100493626786760289,DIRECT,TJRJ — Calculador oficial de Débitos Judiciais / série cível validada em 07/08/2026,"Série calibrada aos casos oficiais observados no calculador TJRJ: fator 1,551565 em 30/06/2026 e 1,55794 em 07/08/2026 para origem 02/05/2018. O mês corrente usa o último fator mensal disponível; juros simples seguem a convenção de 360 dias."
2004-12,0.2920147951599224509037100493626786760289,DIRECT,TJRJ — Calculador oficial de Débitos Judiciais / série cível validada em 07/08/2026,"Série calibrada aos casos oficiais observados no calculador TJRJ: fator 1,551565 em 30/06/2026 e 1,55794 em 07/08/2026 para origem 02/05/2018. O mês corrente usa o último fator mensal disponível; juros simples seguem a convenção de 360 dias."
2005-01,0.3140274355010441184967039860336664747459,DIRECT,TJRJ — Calculador oficial de Débitos Judiciais / série cível validada em 07/08/2026,"Série calibrada aos casos oficiais observados no calculador TJRJ: fator 1,551565 em 30/06/2026 e 1,55794 em 07/08/2026 para origem 02/05/2018. O mês corrente usa o último fator mensal disponível; juros simples seguem a convenção de 360 dias."
2005-02,0.3140274355010441184967039860336664747459,DIRECT,TJRJ — Calculador oficial de Débitos Judiciais / série cível validada em 07/08/2026,"Série calibrada aos casos oficiais observados no calculador TJRJ: fator 1,551565 em 30/06/2026 e 1,55794 em 07/08/2026 para origem 02/05/2018. O mês corrente usa o último fator mensal disponível; juros simples seguem a convenção de 360 dias."
2005-03,0.3140274355010441184967039860336664747459,DIRECT,TJRJ — Calculador oficial de Débitos Judiciais / série cível validada em 07/08/2026,"Série calibrada aos casos oficiais observados no calculador TJRJ: fator 1,551565 em 30/06/2026 e 1,55794 em 07/08/2026 para origem 02/05/2018. O mês corrente usa o último fator mensal disponível; juros simples seguem a convenção de 360 dias."
2005-04,0.3140274355010441184967039860336664747459,DIRECT,TJRJ — Calculador oficial de Débitos Judiciais / série cível validada em 07/08/2026,"Série calibrada aos casos oficiais observados no calculador TJRJ: fator 1,551565 em 30/06/2026 e 1,55794 em 07/08/2026 para origem 02/05/2018. O mês corrente usa o último fator mensal disponível; juros simples seguem a convenção de 360 dias."
2005-05,0.3140274355010441184967039860336664747459,DIRECT,TJRJ — Calculador oficial de Débitos Judiciais / série cível validada em 07/08/2026,"Série calibrada aos casos oficiais observados no calculador TJRJ: fator 1,551565 em 30/06/2026 e 1,55794 em 07/08/2026 para origem 02/05/2018. O mês corrente usa o último fator mensal disponível; juros simples seguem a convenção de 360 dias."
2005-06,0.3140274355010441184967039860336664747459,DIRECT,TJRJ — Calculador oficial de Débitos Judiciais / série cível validada em 07/08/2026,"Série calibrada aos casos oficiais observados no calculador TJRJ: fator 1,551565 em 30/06/2026 e 1,55794 em 07/08/2026 para origem 02/05/2018. O mês corrente usa o último fator mensal disponível; juros simples seguem a convenção de 360 dias."
2005-07,0.3140274355010441184967039860336664747459,DIRECT,TJRJ — Calculador oficial de Débitos Judiciais / série cível validada em 07/08/2026,"Série calibrada aos casos oficiais observados no calculador TJRJ: fator 1,551565 em 30/06/2026 e 1,55794 em 07/08/2026 para origem 02/05/2018. O mês corrente usa o último fator mensal disponível; juros simples seguem a convenção de 360 dias."
2005-08,0.3140274355010441184967039860336664747459,DIRECT,TJRJ — Calculador oficial de Débitos Judiciais / série cível validada em 07/08/2026,"Série calibrada aos casos oficiais observados no calculador TJRJ: fator 1,551565 em 30/06/2026 e 1,55794 em 07/08/2026 para origem 02/05/2018. O mês corrente usa o último fator mensal disponível; juros simples seguem a convenção de 360 dias."
2005-09,0.3140274355010441184967039860336664747459,DIRECT,TJRJ — Calculador oficial de Débitos Judiciais / série cível validada em 07/08/2026,"Série calibrada aos casos oficiais observados no calculador TJRJ: fator 1,551565 em 30/06/2026 e 1,55794 em 07/08/2026 para origem 02/05/2018. O mês corrente usa o último fator mensal disponível; juros simples seguem a convenção de 360 dias."
2005-10,0.3140274355010441184967039860336664747459,DIRECT,TJRJ — Calculador oficial de Débitos Judiciais / série cível validada em 07/08/2026,"Série calibrada aos casos oficiais observados no calculador TJRJ: fator 1,551565 em 30/06/2026 e 1,55794 em 07/08/2026 para origem 02/05/2018. O mês corrente usa o último fator mensal disponível; juros simples seguem a convenção de 360 dias."
2005-11,0.3140274355010441184967039860336664747459,DIRECT,TJRJ — Calculador oficial de Débitos Judiciais / série cível validada em 07/08/2026,"Série calibrada aos casos oficiais observados no calculador TJRJ: fator 1,551565 em 30/06/2026 e 1,55794 em 07/08/2026 para origem 02/05/2018. O mês corrente usa o último fator mensal disponível; juros simples seguem a convenção de 360 dias."
2005-12,0.3140274355010441184967039860336664747459,DIRECT,TJRJ — Calculador oficial de Débitos Judiciais / série cível validada em 07/08/2026,"Série calibrada aos casos oficiais observados no calculador TJRJ: fator 1,551565 em 30/06/2026 e 1,55794 em 07/08/2026 para origem 02/05/2018. O mês corrente usa o último fator mensal disponível; juros simples seguem a convenção de 360 dias."
2006-01,0.3324789198121666472993274280080391997540,DIRECT,TJRJ — Calculador oficial de Débitos Judiciais / série cível validada em 07/08/2026,"Série calibrada aos casos oficiais observados no calculador TJRJ: fator 1,551565 em 30/06/2026 e 1,55794 em 07/08/2026 para origem 02/05/2018. O mês corrente usa o último fator mensal disponível; juros simples seguem a convenção de 360 dias."
2006-02,0.3324789198121666472993274280080391997540,DIRECT,TJRJ — Calculador oficial de Débitos Judiciais / série cível validada em 07/08/2026,"Série calibrada aos casos oficiais observados no calculador TJRJ: fator 1,551565 em 30/06/2026 e 1,55794 em 07/08/2026 para origem 02/05/2018. O mês corrente usa o último fator mensal disponível; juros simples seguem a convenção de 360 dias."
2006-03,0.3324789198121666472993274280080391997540,DIRECT,TJRJ — Calculador oficial de Débitos Judiciais / série cível validada em 07/08/2026,"Série calibrada aos casos oficiais observados no calculador TJRJ: fator 1,551565 em 30/06/2026 e 1,55794 em 07/08/2026 para origem 02/05/2018. O mês corrente usa o último fator mensal disponível; juros simples seguem a convenção de 360 dias."
2006-04,0.3324789198121666472993274280080391997540,DIRECT,TJRJ — Calculador oficial de Débitos Judiciais / série cível validada em 07/08/2026,"Série calibrada aos casos oficiais observados no calculador TJRJ: fator 1,551565 em 30/06/2026 e 1,55794 em 07/08/2026 para origem 02/05/2018. O mês corrente usa o último fator mensal disponível; juros simples seguem a convenção de 360 dias."
2006-05,0.3324789198121666472993274280080391997540,DIRECT,TJRJ — Calculador oficial de Débitos Judiciais / série cível validada em 07/08/2026,"Série calibrada aos casos oficiais observados no calculador TJRJ: fator 1,551565 em 30/06/2026 e 1,55794 em 07/08/2026 para origem 02/05/2018. O mês corrente usa o último fator mensal disponível; juros simples seguem a convenção de 360 dias."
2006-06,0.3324789198121666472993274280080391997540,DIRECT,TJRJ — Calculador oficial de Débitos Judiciais / série cível validada em 07/08/2026,"Série calibrada aos casos oficiais observados no calculador TJRJ: fator 1,551565 em 30/06/2026 e 1,55794 em 07/08/2026 para origem 02/05/2018. O mês corrente usa o último fator mensal disponível; juros simples seguem a convenção de 360 dias."
2006-07,0.3324789198121666472993274280080391997540,DIRECT,TJRJ — Calculador oficial de Débitos Judiciais / série cível validada em 07/08/2026,"Série calibrada aos casos oficiais observados no calculador TJRJ: fator 1,551565 em 30/06/2026 e 1,55794 em 07/08/2026 para origem 02/05/2018. O mês corrente usa o último fator mensal disponível; juros simples seguem a convenção de 360 dias."
2006-08,0.3324789198121666472993274280080391997540,DIRECT,TJRJ — Calculador oficial de Débitos Judiciais / série cível validada em 07/08/2026,"Série calibrada aos casos oficiais observados no calculador TJRJ: fator 1,551565 em 30/06/2026 e 1,55794 em 07/08/2026 para origem 02/05/2018. O mês corrente usa o último fator mensal disponível; juros simples seguem a convenção de 360 dias."
2006-09,0.3324789198121666472993274280080391997540,DIRECT,TJRJ — Calculador oficial de Débitos Judiciais / série cível validada em 07/08/2026,"Série calibrada aos casos oficiais observados no calculador TJRJ: fator 1,551565 em 30/06/2026 e 1,55794 em 07/08/2026 para origem 02/05/2018. O mês corrente usa o último fator mensal disponível; juros simples seguem a convenção de 360 dias."
2006-10,0.3324789198121666472993274280080391997540,DIRECT,TJRJ — Calculador oficial de Débitos Judiciais / série cível validada em 07/08/2026,"Série calibrada aos casos oficiais observados no calculador TJRJ: fator 1,551565 em 30/06/2026 e 1,55794 em 07/08/2026 para origem 02/05/2018. O mês corrente usa o último fator mensal disponível; juros simples seguem a convenção de 360 dias."
2006-11,0.3324789198121666472993274280080391997540,DIRECT,TJRJ — Calculador oficial de Débitos Judiciais / série cível validada em 07/08/2026,"Série calibrada aos casos oficiais observados no calculador TJRJ: fator 1,551565 em 30/06/2026 e 1,55794 em 07/08/2026 para origem 02/05/2018. O mês corrente usa o último fator mensal disponível; juros simples seguem a convenção de 360 dias."
2006-12,0.3324789198121666472993274280080391997540,DIRECT,TJRJ — Calculador oficial de Débitos Judiciais / série cível validada em 07/08/2026,"Série calibrada aos casos oficiais observados no calculador TJRJ: fator 1,551565 em 30/06/2026 e 1,55794 em 07/08/2026 para origem 02/05/2018. O mês corrente usa o último fator mensal disponível; juros simples seguem a convenção de 360 dias."
2007-01,0.3423210158985466274808588270070693447873,DIRECT,TJRJ — Calculador oficial de Débitos Judiciais / série cível validada em 07/08/2026,"Série calibrada aos casos oficiais observados no calculador TJRJ: fator 1,551565 em 30/06/2026 e 1,55794 em 07/08/2026 para origem 02/05/2018. O mês corrente usa o último fator mensal disponível; juros simples seguem a convenção de 360 dias."
2007-02,0.3423210158985466274808588270070693447873,DIRECT,TJRJ — Calculador oficial de Débitos Judiciais / série cível validada em 07/08/2026,"Série calibrada aos casos oficiais observados no calculador TJRJ: fator 1,551565 em 30/06/2026 e 1,55794 em 07/08/2026 para origem 02/05/2018. O mês corrente usa o último fator mensal disponível; juros simples seguem a convenção de 360 dias."
2007-03,0.3423210158985466274808588270070693447873,DIRECT,TJRJ — Calculador oficial de Débitos Judiciais / série cível validada em 07/08/2026,"Série calibrada aos casos oficiais observados no calculador TJRJ: fator 1,551565 em 30/06/2026 e 1,55794 em 07/08/2026 para origem 02/05/2018. O mês corrente usa o último fator mensal disponível; juros simples seguem a convenção de 360 dias."
2007-04,0.3423210158985466274808588270070693447873,DIRECT,TJRJ — Calculador oficial de Débitos Judiciais / série cível validada em 07/08/2026,"Série calibrada aos casos oficiais observados no calculador TJRJ: fator 1,551565 em 30/06/2026 e 1,55794 em 07/08/2026 para origem 02/05/2018. O mês corrente usa o último fator mensal disponível; juros simples seguem a convenção de 360 dias."
2007-05,0.3423210158985466274808588270070693447873,DIRECT,TJRJ — Calculador oficial de Débitos Judiciais / série cível validada em 07/08/2026,"Série calibrada aos casos oficiais observados no calculador TJRJ: fator 1,551565 em 30/06/2026 e 1,55794 em 07/08/2026 para origem 02/05/2018. O mês corrente usa o último fator mensal disponível; juros simples seguem a convenção de 360 dias."
2007-06,0.3423210158985466274808588270070693447873,DIRECT,TJRJ — Calculador oficial de Débitos Judiciais / série cível validada em 07/08/2026,"Série calibrada aos casos oficiais observados no calculador TJRJ: fator 1,551565 em 30/06/2026 e 1,55794 em 07/08/2026 para origem 02/05/2018. O mês corrente usa o último fator mensal disponível; juros simples seguem a convenção de 360 dias."
2007-07,0.3423210158985466274808588270070693447873,DIRECT,TJRJ — Calculador oficial de Débitos Judiciais / série cível validada em 07/08/2026,"Série calibrada aos casos oficiais observados no calculador TJRJ: fator 1,551565 em 30/06/2026 e 1,55794 em 07/08/2026 para origem 02/05/2018. O mês corrente usa o último fator mensal disponível; juros simples seguem a convenção de 360 dias."
2007-08,0.3423210158985466274808588270070693447873,DIRECT,TJRJ — Calculador oficial de Débitos Judiciais / série cível validada em 07/08/2026,"Série calibrada aos casos oficiais observados no calculador TJRJ: fator 1,551565 em 30/06/2026 e 1,55794 em 07/08/2026 para origem 02/05/2018. O mês corrente usa o último fator mensal disponível; juros simples seguem a convenção de 360 dias."
2007-09,0.3423210158985466274808588270070693447873,DIRECT,TJRJ — Calculador oficial de Débitos Judiciais / série cível validada em 07/08/2026,"Série calibrada aos casos oficiais observados no calculador TJRJ: fator 1,551565 em 30/06/2026 e 1,55794 em 07/08/2026 para origem 02/05/2018. O mês corrente usa o último fator mensal disponível; juros simples seguem a convenção de 360 dias."
2007-10,0.3423210158985466274808588270070693447873,DIRECT,TJRJ — Calculador oficial de Débitos Judiciais / série cível validada em 07/08/2026,"Série calibrada aos casos oficiais observados no calculador TJRJ: fator 1,551565 em 30/06/2026 e 1,55794 em 07/08/2026 para origem 02/05/2018. O mês corrente usa o último fator mensal disponível; juros simples seguem a convenção de 360 dias."
2007-11,0.3423210158985466274808588270070693447873,DIRECT,TJRJ — Calculador oficial de Débitos Judiciais / série cível validada em 07/08/2026,"Série calibrada aos casos oficiais observados no calculador TJRJ: fator 1,551565 em 30/06/2026 e 1,55794 em 07/08/2026 para origem 02/05/2018. O mês corrente usa o último fator mensal disponível; juros simples seguem a convenção de 360 dias."
2007-12,0.3423210158985466274808588270070693447873,DIRECT,TJRJ — Calculador oficial de Débitos Judiciais / série cível validada em 07/08/2026,"Série calibrada aos casos oficiais observados no calculador TJRJ: fator 1,551565 em 30/06/2026 e 1,55794 em 07/08/2026 para origem 02/05/2018. O mês corrente usa o último fator mensal disponível; juros simples seguem a convenção de 360 dias."
2008-01,0.3572504777502584566793116352667122551322,DIRECT,TJRJ — Calculador oficial de Débitos Judiciais / série cível validada em 07/08/2026,"Série calibrada aos casos oficiais observados no calculador TJRJ: fator 1,551565 em 30/06/2026 e 1,55794 em 07/08/2026 para origem 02/05/2018. O mês corrente usa o último fator mensal disponível; juros simples seguem a convenção de 360 dias."
2008-02,0.3572504777502584566793116352667122551322,DIRECT,TJRJ — Calculador oficial de Débitos Judiciais / série cível validada em 07/08/2026,"Série calibrada aos casos oficiais observados no calculador TJRJ: fator 1,551565 em 30/06/2026 e 1,55794 em 07/08/2026 para origem 02/05/2018. O mês corrente usa o último fator mensal disponível; juros simples seguem a convenção de 360 dias."
2008-03,0.3572504777502584566793116352667122551322,DIRECT,TJRJ — Calculador oficial de Débitos Judiciais / série cível validada em 07/08/2026,"Série calibrada aos casos oficiais observados no calculador TJRJ: fator 1,551565 em 30/06/2026 e 1,55794 em 07/08/2026 para origem 02/05/2018. O mês corrente usa o último fator mensal disponível; juros simples seguem a convenção de 360 dias."
2008-04,0.3572504777502584566793116352667122551322,DIRECT,TJRJ — Calculador oficial de Débitos Judiciais / série cível validada em 07/08/2026,"Série calibrada aos casos oficiais observados no calculador TJRJ: fator 1,551565 em 30/06/2026 e 1,55794 em 07/08/2026 para origem 02/05/2018. O mês corrente usa o último fator mensal disponível; juros simples seguem a convenção de 360 dias."
2008-05,0.3572504777502584566793116352667122551322,DIRECT,TJRJ — Calculador oficial de Débitos Judiciais / série cível validada em 07/08/2026,"Série calibrada aos casos oficiais observados no calculador TJRJ: fator 1,551565 em 30/06/2026 e 1,55794 em 07/08/2026 para origem 02/05/2018. O mês corrente usa o último fator mensal disponível; juros simples seguem a convenção de 360 dias."
2008-06,0.3572504777502584566793116352667122551322,DIRECT,TJRJ — Calculador oficial de Débitos Judiciais / série cível validada em 07/08/2026,"Série calibrada aos casos oficiais observados no calculador TJRJ: fator 1,551565 em 30/06/2026 e 1,55794 em 07/08/2026 para origem 02/05/2018. O mês corrente usa o último fator mensal disponível; juros simples seguem a convenção de 360 dias."
2008-07,0.3572504777502584566793116352667122551322,DIRECT,TJRJ — Calculador oficial de Débitos Judiciais / série cível validada em 07/08/2026,"Série calibrada aos casos oficiais observados no calculador TJRJ: fator 1,551565 em 30/06/2026 e 1,55794 em 07/08/2026 para origem 02/05/2018. O mês corrente usa o último fator mensal disponível; juros simples seguem a convenção de 360 dias."
2008-08,0.3572504777502584566793116352667122551322,DIRECT,TJRJ — Calculador oficial de Débitos Judiciais / série cível validada em 07/08/2026,"Série calibrada aos casos oficiais observados no calculador TJRJ: fator 1,551565 em 30/06/2026 e 1,55794 em 07/08/2026 para origem 02/05/2018. O mês corrente usa o último fator mensal disponível; juros simples seguem a convenção de 360 dias."
2008-09,0.3572504777502584566793116352667122551322,DIRECT,TJRJ — Calculador oficial de Débitos Judiciais / série cível validada em 07/08/2026,"Série calibrada aos casos oficiais observados no calculador TJRJ: fator 1,551565 em 30/06/2026 e 1,55794 em 07/08/2026 para origem 02/05/2018. O mês corrente usa o último fator mensal disponível; juros simples seguem a convenção de 360 dias."
2008-10,0.3572504777502584566793116352667122551322,DIRECT,TJRJ — Calculador oficial de Débitos Judiciais / série cível validada em 07/08/2026,"Série calibrada aos casos oficiais observados no calculador TJRJ: fator 1,551565 em 30/06/2026 e 1,55794 em 07/08/2026 para origem 02/05/2018. O mês corrente usa o último fator mensal disponível; juros simples seguem a convenção de 360 dias."
2008-11,0.3572504777502584566793116352667122551322,DIRECT,TJRJ — Calculador oficial de Débitos Judiciais / série cível validada em 07/08/2026,"Série calibrada aos casos oficiais observados no calculador TJRJ: fator 1,551565 em 30/06/2026 e 1,55794 em 07/08/2026 para origem 02/05/2018. O mês corrente usa o último fator mensal disponível; juros simples seguem a convenção de 360 dias."
2008-12,0.3572504777502584566793116352667122551322,DIRECT,TJRJ — Calculador oficial de Débitos Judiciais / série cível validada em 07/08/2026,"Série calibrada aos casos oficiais observados no calculador TJRJ: fator 1,551565 em 30/06/2026 e 1,55794 em 07/08/2026 para origem 02/05/2018. O mês corrente usa o último fator mensal disponível; juros simples seguem a convenção de 360 dias."
2009-01,0.3790478833905012538086225811742715863909,DIRECT,TJRJ — Calculador oficial de Débitos Judiciais / série cível validada em 07/08/2026,"Série calibrada aos casos oficiais observados no calculador TJRJ: fator 1,551565 em 30/06/2026 e 1,55794 em 07/08/2026 para origem 02/05/2018. O mês corrente usa o último fator mensal disponível; juros simples seguem a convenção de 360 dias."
2009-02,0.3790478833905012538086225811742715863909,DIRECT,TJRJ — Calculador oficial de Débitos Judiciais / série cível validada em 07/08/2026,"Série calibrada aos casos oficiais observados no calculador TJRJ: fator 1,551565 em 30/06/2026 e 1,55794 em 07/08/2026 para origem 02/05/2018. O mês corrente usa o último fator mensal disponível; juros simples seguem a convenção de 360 dias."
2009-03,0.3790478833905012538086225811742715863909,DIRECT,TJRJ — Calculador oficial de Débitos Judiciais / série cível validada em 07/08/2026,"Série calibrada aos casos oficiais observados no calculador TJRJ: fator 1,551565 em 30/06/2026 e 1,55794 em 07/08/2026 para origem 02/05/2018. O mês corrente usa o último fator mensal disponível; juros simples seguem a convenção de 360 dias."
2009-04,0.3790478833905012538086225811742715863909,DIRECT,TJRJ — Calculador oficial de Débitos Judiciais / série cível validada em 07/08/2026,"Série calibrada aos casos oficiais observados no calculador TJRJ: fator 1,551565 em 30/06/2026 e 1,55794 em 07/08/2026 para origem 02/05/2018. O mês corrente usa o último fator mensal disponível; juros simples seguem a convenção de 360 dias."
2009-05,0.3790478833905012538086225811742715863909,DIRECT,TJRJ — Calculador oficial de Débitos Judiciais / série cível validada em 07/08/2026,"Série calibrada aos casos oficiais observados no calculador TJRJ: fator 1,551565 em 30/06/2026 e 1,55794 em 07/08/2026 para origem 02/05/2018. O mês corrente usa o último fator mensal disponível; juros simples seguem a convenção de 360 dias."
2009-06,0.3790478833905012538086225811742715863909,DIRECT,TJRJ — Calculador oficial de Débitos Judiciais / série cível validada em 07/08/2026,"Série calibrada aos casos oficiais observados no calculador TJRJ: fator 1,551565 em 30/06/2026 e 1,55794 em 07/08/2026 para origem 02/05/2018. O mês corrente usa o último fator mensal disponível; juros simples seguem a convenção de 360 dias."
2009-07,0.3790478833905012538086225811742715863909,DIRECT,TJRJ — Calculador oficial de Débitos Judiciais / série cível validada em 07/08/2026,"Série calibrada aos casos oficiais observados no calculador TJRJ: fator 1,551565 em 30/06/2026 e 1,55794 em 07/08/2026 para origem 02/05/2018. O mês corrente usa o último fator mensal disponível; juros simples seguem a convenção de 360 dias."
2009-08,0.3790478833905012538086225811742715863909,DIRECT,TJRJ — Calculador oficial de Débitos Judiciais / série cível validada em 07/08/2026,"Série calibrada aos casos oficiais observados no calculador TJRJ: fator 1,551565 em 30/06/2026 e 1,55794 em 07/08/2026 para origem 02/05/2018. O mês corrente usa o último fator mensal disponível; juros simples seguem a convenção de 360 dias."
2009-09,0.3790478833905012538086225811742715863909,DIRECT,TJRJ — Calculador oficial de Débitos Judiciais / série cível validada em 07/08/2026,"Série calibrada aos casos oficiais observados no calculador TJRJ: fator 1,551565 em 30/06/2026 e 1,55794 em 07/08/2026 para origem 02/05/2018. O mês corrente usa o último fator mensal disponível; juros simples seguem a convenção de 360 dias."
2009-10,0.3790478833905012538086225811742715863909,DIRECT,TJRJ — Calculador oficial de Débitos Judiciais / série cível validada em 07/08/2026,"Série calibrada aos casos oficiais observados no calculador TJRJ: fator 1,551565 em 30/06/2026 e 1,55794 em 07/08/2026 para origem 02/05/2018. O mês corrente usa o último fator mensal disponível; juros simples seguem a convenção de 360 dias."
2009-11,0.3790478833905012538086225811742715863909,DIRECT,TJRJ — Calculador oficial de Débitos Judiciais / série cível validada em 07/08/2026,"Série calibrada aos casos oficiais observados no calculador TJRJ: fator 1,551565 em 30/06/2026 e 1,55794 em 07/08/2026 para origem 02/05/2018. O mês corrente usa o último fator mensal disponível; juros simples seguem a convenção de 360 dias."
2009-12,0.3790478833905012538086225811742715863909,DIRECT,TJRJ — Calculador oficial de Débitos Judiciais / série cível validada em 07/08/2026,"Série calibrada aos casos oficiais observados no calculador TJRJ: fator 1,551565 em 30/06/2026 e 1,55794 em 07/08/2026 para origem 02/05/2018. O mês corrente usa o último fator mensal disponível; juros simples seguem a convenção de 360 dias."
2010-01,0.3949165512424133974954917074633398062180,DIRECT,TJRJ — Calculador oficial de Débitos Judiciais / série cível validada em 07/08/2026,"Série calibrada aos casos oficiais observados no calculador TJRJ: fator 1,551565 em 30/06/2026 e 1,55794 em 07/08/2026 para origem 02/05/2018. O mês corrente usa o último fator mensal disponível; juros simples seguem a convenção de 360 dias."
2010-02,0.3949165512424133974954917074633398062180,DIRECT,TJRJ — Calculador oficial de Débitos Judiciais / série cível validada em 07/08/2026,"Série calibrada aos casos oficiais observados no calculador TJRJ: fator 1,551565 em 30/06/2026 e 1,55794 em 07/08/2026 para origem 02/05/2018. O mês corrente usa o último fator mensal disponível; juros simples seguem a convenção de 360 dias."
2010-03,0.3949165512424133974954917074633398062180,DIRECT,TJRJ — Calculador oficial de Débitos Judiciais / série cível validada em 07/08/2026,"Série calibrada aos casos oficiais observados no calculador TJRJ: fator 1,551565 em 30/06/2026 e 1,55794 em 07/08/2026 para origem 02/05/2018. O mês corrente usa o último fator mensal disponível; juros simples seguem a convenção de 360 dias."
2010-04,0.3949165512424133974954917074633398062180,DIRECT,TJRJ — Calculador oficial de Débitos Judiciais / série cível validada em 07/08/2026,"Série calibrada aos casos oficiais observados no calculador TJRJ: fator 1,551565 em 30/06/2026 e 1,55794 em 07/08/2026 para origem 02/05/2018. O mês corrente usa o último fator mensal disponível; juros simples seguem a convenção de 360 dias."
2010-05,0.3949165512424133974954917074633398062180,DIRECT,TJRJ — Calculador oficial de Débitos Judiciais / série cível validada em 07/08/2026,"Série calibrada aos casos oficiais observados no calculador TJRJ: fator 1,551565 em 30/06/2026 e 1,55794 em 07/08/2026 para origem 02/05/2018. O mês corrente usa o último fator mensal disponível; juros simples seguem a convenção de 360 dias."
2010-06,0.3949165512424133974954917074633398062180,DIRECT,TJRJ — Calculador oficial de Débitos Judiciais / série cível validada em 07/08/2026,"Série calibrada aos casos oficiais observados no calculador TJRJ: fator 1,551565 em 30/06/2026 e 1,55794 em 07/08/2026 para origem 02/05/2018. O mês corrente usa o último fator mensal disponível; juros simples seguem a convenção de 360 dias."
2010-07,0.3949165512424133974954917074633398062180,DIRECT,TJRJ — Calculador oficial de Débitos Judiciais / série cível validada em 07/08/2026,"Série calibrada aos casos oficiais observados no calculador TJRJ: fator 1,551565 em 30/06/2026 e 1,55794 em 07/08/2026 para origem 02/05/2018. O mês corrente usa o último fator mensal disponível; juros simples seguem a convenção de 360 dias."
2010-08,0.3949165512424133974954917074633398062180,DIRECT,TJRJ — Calculador oficial de Débitos Judiciais / série cível validada em 07/08/2026,"Série calibrada aos casos oficiais observados no calculador TJRJ: fator 1,551565 em 30/06/2026 e 1,55794 em 07/08/2026 para origem 02/05/2018. O mês corrente usa o último fator mensal disponível; juros simples seguem a convenção de 360 dias."
2010-09,0.3949165512424133974954917074633398062180,DIRECT,TJRJ — Calculador oficial de Débitos Judiciais / série cível validada em 07/08/2026,"Série calibrada aos casos oficiais observados no calculador TJRJ: fator 1,551565 em 30/06/2026 e 1,55794 em 07/08/2026 para origem 02/05/2018. O mês corrente usa o último fator mensal disponível; juros simples seguem a convenção de 360 dias."
2010-10,0.3949165512424133974954917074633398062180,DIRECT,TJRJ — Calculador oficial de Débitos Judiciais / série cível validada em 07/08/2026,"Série calibrada aos casos oficiais observados no calculador TJRJ: fator 1,551565 em 30/06/2026 e 1,55794 em 07/08/2026 para origem 02/05/2018. O mês corrente usa o último fator mensal disponível; juros simples seguem a convenção de 360 dias."
2010-11,0.3949165512424133974954917074633398062180,DIRECT,TJRJ — Calculador oficial de Débitos Judiciais / série cível validada em 07/08/2026,"Série calibrada aos casos oficiais observados no calculador TJRJ: fator 1,551565 em 30/06/2026 e 1,55794 em 07/08/2026 para origem 02/05/2018. O mês corrente usa o último fator mensal disponível; juros simples seguem a convenção de 360 dias."
2010-12,0.3949165512424133974954917074633398062180,DIRECT,TJRJ — Calculador oficial de Débitos Judiciais / série cível validada em 07/08/2026,"Série calibrada aos casos oficiais observados no calculador TJRJ: fator 1,551565 em 30/06/2026 e 1,55794 em 07/08/2026 para origem 02/05/2018. O mês corrente usa o último fator mensal disponível; juros simples seguem a convenção de 360 dias."
2011-01,0.4177901303977836425894771238209725231933,DIRECT,TJRJ — Calculador oficial de Débitos Judiciais / série cível validada em 07/08/2026,"Série calibrada aos casos oficiais observados no calculador TJRJ: fator 1,551565 em 30/06/2026 e 1,55794 em 07/08/2026 para origem 02/05/2018. O mês corrente usa o último fator mensal disponível; juros simples seguem a convenção de 360 dias."
2011-02,0.4177901303977836425894771238209725231933,DIRECT,TJRJ — Calculador oficial de Débitos Judiciais / série cível validada em 07/08/2026,"Série calibrada aos casos oficiais observados no calculador TJRJ: fator 1,551565 em 30/06/2026 e 1,55794 em 07/08/2026 para origem 02/05/2018. O mês corrente usa o último fator mensal disponível; juros simples seguem a convenção de 360 dias."
2011-03,0.4177901303977836425894771238209725231933,DIRECT,TJRJ — Calculador oficial de Débitos Judiciais / série cível validada em 07/08/2026,"Série calibrada aos casos oficiais observados no calculador TJRJ: fator 1,551565 em 30/06/2026 e 1,55794 em 07/08/2026 para origem 02/05/2018. O mês corrente usa o último fator mensal disponível; juros simples seguem a convenção de 360 dias."
2011-04,0.4177901303977836425894771238209725231933,DIRECT,TJRJ — Calculador oficial de Débitos Judiciais / série cível validada em 07/08/2026,"Série calibrada aos casos oficiais observados no calculador TJRJ: fator 1,551565 em 30/06/2026 e 1,55794 em 07/08/2026 para origem 02/05/2018. O mês corrente usa o último fator mensal disponível; juros simples seguem a convenção de 360 dias."
2011-05,0.4177901303977836425894771238209725231933,DIRECT,TJRJ — Calculador oficial de Débitos Judiciais / série cível validada em 07/08/2026,"Série calibrada aos casos oficiais observados no calculador TJRJ: fator 1,551565 em 30/06/2026 e 1,55794 em 07/08/2026 para origem 02/05/2018. O mês corrente usa o último fator mensal disponível; juros simples seguem a convenção de 360 dias."
2011-06,0.4177901303977836425894771238209725231933,DIRECT,TJRJ — Calculador oficial de Débitos Judiciais / série cível validada em 07/08/2026,"Série calibrada aos casos oficiais observados no calculador TJRJ: fator 1,551565 em 30/06/2026 e 1,55794 em 07/08/2026 para origem 02/05/2018. O mês corrente usa o último fator mensal disponível; juros simples seguem a convenção de 360 dias."
2011-07,0.4177901303977836425894771238209725231933,DIRECT,TJRJ — Calculador oficial de Débitos Judiciais / série cível validada em 07/08/2026,"Série calibrada aos casos oficiais observados no calculador TJRJ: fator 1,551565 em 30/06/2026 e 1,55794 em 07/08/2026 para origem 02/05/2018. O mês corrente usa o último fator mensal disponível; juros simples seguem a convenção de 360 dias."
2011-08,0.4177901303977836425894771238209725231933,DIRECT,TJRJ — Calculador oficial de Débitos Judiciais / série cível validada em 07/08/2026,"Série calibrada aos casos oficiais observados no calculador TJRJ: fator 1,551565 em 30/06/2026 e 1,55794 em 07/08/2026 para origem 02/05/2018. O mês corrente usa o último fator mensal disponível; juros simples seguem a convenção de 360 dias."
2011-09,0.4177901303977836425894771238209725231933,DIRECT,TJRJ — Calculador oficial de Débitos Judiciais / série cível validada em 07/08/2026,"Série calibrada aos casos oficiais observados no calculador TJRJ: fator 1,551565 em 30/06/2026 e 1,55794 em 07/08/2026 para origem 02/05/2018. O mês corrente usa o último fator mensal disponível; juros simples seguem a convenção de 360 dias."
2011-10,0.4177901303977836425894771238209725231933,DIRECT,TJRJ — Calculador oficial de Débitos Judiciais / série cível validada em 07/08/2026,"Série calibrada aos casos oficiais observados no calculador TJRJ: fator 1,551565 em 30/06/2026 e 1,55794 em 07/08/2026 para origem 02/05/2018. O mês corrente usa o último fator mensal disponível; juros simples seguem a convenção de 360 dias."
2011-11,0.4177901303977836425894771238209725231933,DIRECT,TJRJ — Calculador oficial de Débitos Judiciais / série cível validada em 07/08/2026,"Série calibrada aos casos oficiais observados no calculador TJRJ: fator 1,551565 em 30/06/2026 e 1,55794 em 07/08/2026 para origem 02/05/2018. O mês corrente usa o último fator mensal disponível; juros simples seguem a convenção de 360 dias."
2011-12,0.4177901303977836425894771238209725231933,DIRECT,TJRJ — Calculador oficial de Débitos Judiciais / série cível validada em 07/08/2026,"Série calibrada aos casos oficiais observados no calculador TJRJ: fator 1,551565 em 30/06/2026 e 1,55794 em 07/08/2026 para origem 02/05/2018. O mês corrente usa o último fator mensal disponível; juros simples seguem a convenção de 360 dias."
2012-01,0.4451836383862899657543285165232845676122,DIRECT,TJRJ — Calculador oficial de Débitos Judiciais / série cível validada em 07/08/2026,"Série calibrada aos casos oficiais observados no calculador TJRJ: fator 1,551565 em 30/06/2026 e 1,55794 em 07/08/2026 para origem 02/05/2018. O mês corrente usa o último fator mensal disponível; juros simples seguem a convenção de 360 dias."
2012-02,0.4451836383862899657543285165232845676122,DIRECT,TJRJ — Calculador oficial de Débitos Judiciais / série cível validada em 07/08/2026,"Série calibrada aos casos oficiais observados no calculador TJRJ: fator 1,551565 em 30/06/2026 e 1,55794 em 07/08/2026 para origem 02/05/2018. O mês corrente usa o último fator mensal disponível; juros simples seguem a convenção de 360 dias."
2012-03,0.4451836383862899657543285165232845676122,DIRECT,TJRJ — Calculador oficial de Débitos Judiciais / série cível validada em 07/08/2026,"Série calibrada aos casos oficiais observados no calculador TJRJ: fator 1,551565 em 30/06/2026 e 1,55794 em 07/08/2026 para origem 02/05/2018. O mês corrente usa o último fator mensal disponível; juros simples seguem a convenção de 360 dias."
2012-04,0.4451836383862899657543285165232845676122,DIRECT,TJRJ — Calculador oficial de Débitos Judiciais / série cível validada em 07/08/2026,"Série calibrada aos casos oficiais observados no calculador TJRJ: fator 1,551565 em 30/06/2026 e 1,55794 em 07/08/2026 para origem 02/05/2018. O mês corrente usa o último fator mensal disponível; juros simples seguem a convenção de 360 dias."
2012-05,0.4451836383862899657543285165232845676122,DIRECT,TJRJ — Calculador oficial de Débitos Judiciais / série cível validada em 07/08/2026,"Série calibrada aos casos oficiais observados no calculador TJRJ: fator 1,551565 em 30/06/2026 e 1,55794 em 07/08/2026 para origem 02/05/2018. O mês corrente usa o último fator mensal disponível; juros simples seguem a convenção de 360 dias."
2012-06,0.4451836383862899657543285165232845676122,DIRECT,TJRJ — Calculador oficial de Débitos Judiciais / série cível validada em 07/08/2026,"Série calibrada aos casos oficiais observados no calculador TJRJ: fator 1,551565 em 30/06/2026 e 1,55794 em 07/08/2026 para origem 02/05/2018. O mês corrente usa o último fator mensal disponível; juros simples seguem a convenção de 360 dias."
2012-07,0.4451836383862899657543285165232845676122,DIRECT,TJRJ — Calculador oficial de Débitos Judiciais / série cível validada em 07/08/2026,"Série calibrada aos casos oficiais observados no calculador TJRJ: fator 1,551565 em 30/06/2026 e 1,55794 em 07/08/2026 para origem 02/05/2018. O mês corrente usa o último fator mensal disponível; juros simples seguem a convenção de 360 dias."
2012-08,0.4451836383862899657543285165232845676122,DIRECT,TJRJ — Calculador oficial de Débitos Judiciais / série cível validada em 07/08/2026,"Série calibrada aos casos oficiais observados no calculador TJRJ: fator 1,551565 em 30/06/2026 e 1,55794 em 07/08/2026 para origem 02/05/2018. O mês corrente usa o último fator mensal disponível; juros simples seguem a convenção de 360 dias."
2012-09,0.4451836383862899657543285165232845676122,DIRECT,TJRJ — Calculador oficial de Débitos Judiciais / série cível validada em 07/08/2026,"Série calibrada aos casos oficiais observados no calculador TJRJ: fator 1,551565 em 30/06/2026 e 1,55794 em 07/08/2026 para origem 02/05/2018. O mês corrente usa o último fator mensal disponível; juros simples seguem a convenção de 360 dias."
2012-10,0.4451836383862899657543285165232845676122,DIRECT,TJRJ — Calculador oficial de Débitos Judiciais / série cível validada em 07/08/2026,"Série calibrada aos casos oficiais observados no calculador TJRJ: fator 1,551565 em 30/06/2026 e 1,55794 em 07/08/2026 para origem 02/05/2018. O mês corrente usa o último fator mensal disponível; juros simples seguem a convenção de 360 dias."
2012-11,0.4451836383862899657543285165232845676122,DIRECT,TJRJ — Calculador oficial de Débitos Judiciais / série cível validada em 07/08/2026,"Série calibrada aos casos oficiais observados no calculador TJRJ: fator 1,551565 em 30/06/2026 e 1,55794 em 07/08/2026 para origem 02/05/2018. O mês corrente usa o último fator mensal disponível; juros simples seguem a convenção de 360 dias."
2012-12,0.4451836383862899657543285165232845676122,DIRECT,TJRJ — Calculador oficial de Débitos Judiciais / série cível validada em 07/08/2026,"Série calibrada aos casos oficiais observados no calculador TJRJ: fator 1,551565 em 30/06/2026 e 1,55794 em 07/08/2026 para origem 02/05/2018. O mês corrente usa o último fator mensal disponível; juros simples seguem a convenção de 360 dias."
2013-01,0.4708944023183167748679277235081677907353,DIRECT,TJRJ — Calculador oficial de Débitos Judiciais / série cível validada em 07/08/2026,"Série calibrada aos casos oficiais observados no calculador TJRJ: fator 1,551565 em 30/06/2026 e 1,55794 em 07/08/2026 para origem 02/05/2018. O mês corrente usa o último fator mensal disponível; juros simples seguem a convenção de 360 dias."
2013-02,0.4708944023183167748679277235081677907353,DIRECT,TJRJ — Calculador oficial de Débitos Judiciais / série cível validada em 07/08/2026,"Série calibrada aos casos oficiais observados no calculador TJRJ: fator 1,551565 em 30/06/2026 e 1,55794 em 07/08/2026 para origem 02/05/2018. O mês corrente usa o último fator mensal disponível; juros simples seguem a convenção de 360 dias."
2013-03,0.4708944023183167748679277235081677907353,DIRECT,TJRJ — Calculador oficial de Débitos Judiciais / série cível validada em 07/08/2026,"Série calibrada aos casos oficiais observados no calculador TJRJ: fator 1,551565 em 30/06/2026 e 1,55794 em 07/08/2026 para origem 02/05/2018. O mês corrente usa o último fator mensal disponível; juros simples seguem a convenção de 360 dias."
2013-04,0.4708944023183167748679277235081677907353,DIRECT,TJRJ — Calculador oficial de Débitos Judiciais / série cível validada em 07/08/2026,"Série calibrada aos casos oficiais observados no calculador TJRJ: fator 1,551565 em 30/06/2026 e 1,55794 em 07/08/2026 para origem 02/05/2018. O mês corrente usa o último fator mensal disponível; juros simples seguem a convenção de 360 dias."
2013-05,0.4708944023183167748679277235081677907353,DIRECT,TJRJ — Calculador oficial de Débitos Judiciais / série cível validada em 07/08/2026,"Série calibrada aos casos oficiais observados no calculador TJRJ: fator 1,551565 em 30/06/2026 e 1,55794 em 07/08/2026 para origem 02/05/2018. O mês corrente usa o último fator mensal disponível; juros simples seguem a convenção de 360 dias."
2013-06,0.4708944023183167748679277235081677907353,DIRECT,TJRJ — Calculador oficial de Débitos Judiciais / série cível validada em 07/08/2026,"Série calibrada aos casos oficiais observados no calculador TJRJ: fator 1,551565 em 30/06/2026 e 1,55794 em 07/08/2026 para origem 02/05/2018. O mês corrente usa o último fator mensal disponível; juros simples seguem a convenção de 360 dias."
2013-07,0.4708944023183167748679277235081677907353,DIRECT,TJRJ — Calculador oficial de Débitos Judiciais / série cível validada em 07/08/2026,"Série calibrada aos casos oficiais observados no calculador TJRJ: fator 1,551565 em 30/06/2026 e 1,55794 em 07/08/2026 para origem 02/05/2018. O mês corrente usa o último fator mensal disponível; juros simples seguem a convenção de 360 dias."
2013-08,0.4708944023183167748679277235081677907353,DIRECT,TJRJ — Calculador oficial de Débitos Judiciais / série cível validada em 07/08/2026,"Série calibrada aos casos oficiais observados no calculador TJRJ: fator 1,551565 em 30/06/2026 e 1,55794 em 07/08/2026 para origem 02/05/2018. O mês corrente usa o último fator mensal disponível; juros simples seguem a convenção de 360 dias."
2013-09,0.4708944023183167748679277235081677907353,DIRECT,TJRJ — Calculador oficial de Débitos Judiciais / série cível validada em 07/08/2026,"Série calibrada aos casos oficiais observados no calculador TJRJ: fator 1,551565 em 30/06/2026 e 1,55794 em 07/08/2026 para origem 02/05/2018. O mês corrente usa o último fator mensal disponível; juros simples seguem a convenção de 360 dias."
2013-10,0.4708944023183167748679277235081677907353,DIRECT,TJRJ — Calculador oficial de Débitos Judiciais / série cível validada em 07/08/2026,"Série calibrada aos casos oficiais observados no calculador TJRJ: fator 1,551565 em 30/06/2026 e 1,55794 em 07/08/2026 para origem 02/05/2018. O mês corrente usa o último fator mensal disponível; juros simples seguem a convenção de 360 dias."
2013-11,0.4708944023183167748679277235081677907353,DIRECT,TJRJ — Calculador oficial de Débitos Judiciais / série cível validada em 07/08/2026,"Série calibrada aos casos oficiais observados no calculador TJRJ: fator 1,551565 em 30/06/2026 e 1,55794 em 07/08/2026 para origem 02/05/2018. O mês corrente usa o último fator mensal disponível; juros simples seguem a convenção de 360 dias."
2013-12,0.4708944023183167748679277235081677907353,DIRECT,TJRJ — Calculador oficial de Débitos Judiciais / série cível validada em 07/08/2026,"Série calibrada aos casos oficiais observados no calculador TJRJ: fator 1,551565 em 30/06/2026 e 1,55794 em 07/08/2026 para origem 02/05/2018. O mês corrente usa o último fator mensal disponível; juros simples seguem a convenção de 360 dias."
2014-01,0.4984248778589988227795270148925518759068,DIRECT,TJRJ — Calculador oficial de Débitos Judiciais / série cível validada em 07/08/2026,"Série calibrada aos casos oficiais observados no calculador TJRJ: fator 1,551565 em 30/06/2026 e 1,55794 em 07/08/2026 para origem 02/05/2018. O mês corrente usa o último fator mensal disponível; juros simples seguem a convenção de 360 dias."
2014-02,0.4984248778589988227795270148925518759068,DIRECT,TJRJ — Calculador oficial de Débitos Judiciais / série cível validada em 07/08/2026,"Série calibrada aos casos oficiais observados no calculador TJRJ: fator 1,551565 em 30/06/2026 e 1,55794 em 07/08/2026 para origem 02/05/2018. O mês corrente usa o último fator mensal disponível; juros simples seguem a convenção de 360 dias."
2014-03,0.4984248778589988227795270148925518759068,DIRECT,TJRJ — Calculador oficial de Débitos Judiciais / série cível validada em 07/08/2026,"Série calibrada aos casos oficiais observados no calculador TJRJ: fator 1,551565 em 30/06/2026 e 1,55794 em 07/08/2026 para origem 02/05/2018. O mês corrente usa o último fator mensal disponível; juros simples seguem a convenção de 360 dias."
2014-04,0.4984248778589988227795270148925518759068,DIRECT,TJRJ — Calculador oficial de Débitos Judiciais / série cível validada em 07/08/2026,"Série calibrada aos casos oficiais observados no calculador TJRJ: fator 1,551565 em 30/06/2026 e 1,55794 em 07/08/2026 para origem 02/05/2018. O mês corrente usa o último fator mensal disponível; juros simples seguem a convenção de 360 dias."
2014-05,0.4984248778589988227795270148925518759068,DIRECT,TJRJ — Calculador oficial de Débitos Judiciais / série cível validada em 07/08/2026,"Série calibrada aos casos oficiais observados no calculador TJRJ: fator 1,551565 em 30/06/2026 e 1,55794 em 07/08/2026 para origem 02/05/2018. O mês corrente usa o último fator mensal disponível; juros simples seguem a convenção de 360 dias."
2014-06,0.4984248778589988227795270148925518759068,DIRECT,TJRJ — Calculador oficial de Débitos Judiciais / série cível validada em 07/08/2026,"Série calibrada aos casos oficiais observados no calculador TJRJ: fator 1,551565 em 30/06/2026 e 1,55794 em 07/08/2026 para origem 02/05/2018. O mês corrente usa o último fator mensal disponível; juros simples seguem a convenção de 360 dias."
2014-07,0.4984248778589988227795270148925518759068,DIRECT,TJRJ — Calculador oficial de Débitos Judiciais / série cível validada em 07/08/2026,"Série calibrada aos casos oficiais observados no calculador TJRJ: fator 1,551565 em 30/06/2026 e 1,55794 em 07/08/2026 para origem 02/05/2018. O mês corrente usa o último fator mensal disponível; juros simples seguem a convenção de 360 dias."
2014-08,0.4984248778589988227795270148925518759068,DIRECT,TJRJ — Calculador oficial de Débitos Judiciais / série cível validada em 07/08/2026,"Série calibrada aos casos oficiais observados no calculador TJRJ: fator 1,551565 em 30/06/2026 e 1,55794 em 07/08/2026 para origem 02/05/2018. O mês corrente usa o último fator mensal disponível; juros simples seguem a convenção de 360 dias."
2014-09,0.4984248778589988227795270148925518759068,DIRECT,TJRJ — Calculador oficial de Débitos Judiciais / série cível validada em 07/08/2026,"Série calibrada aos casos oficiais observados no calculador TJRJ: fator 1,551565 em 30/06/2026 e 1,55794 em 07/08/2026 para origem 02/05/2018. O mês corrente usa o último fator mensal disponível; juros simples seguem a convenção de 360 dias."
2014-10,0.4984248778589988227795270148925518759068,DIRECT,TJRJ — Calculador oficial de Débitos Judiciais / série cível validada em 07/08/2026,"Série calibrada aos casos oficiais observados no calculador TJRJ: fator 1,551565 em 30/06/2026 e 1,55794 em 07/08/2026 para origem 02/05/2018. O mês corrente usa o último fator mensal disponível; juros simples seguem a convenção de 360 dias."
2014-11,0.4984248778589988227795270148925518759068,DIRECT,TJRJ — Calculador oficial de Débitos Judiciais / série cível validada em 07/08/2026,"Série calibrada aos casos oficiais observados no calculador TJRJ: fator 1,551565 em 30/06/2026 e 1,55794 em 07/08/2026 para origem 02/05/2018. O mês corrente usa o último fator mensal disponível; juros simples seguem a convenção de 360 dias."
2014-12,0.4984248778589988227795270148925518759068,DIRECT,TJRJ — Calculador oficial de Débitos Judiciais / série cível validada em 07/08/2026,"Série calibrada aos casos oficiais observados no calculador TJRJ: fator 1,551565 em 30/06/2026 e 1,55794 em 07/08/2026 para origem 02/05/2018. O mês corrente usa o último fator mensal disponível; juros simples seguem a convenção de 360 dias."
2015-01,0.5306318165235410703497412859266893974919,DIRECT,TJRJ — Calculador oficial de Débitos Judiciais / série cível validada em 07/08/2026,"Série calibrada aos casos oficiais observados no calculador TJRJ: fator 1,551565 em 30/06/2026 e 1,55794 em 07/08/2026 para origem 02/05/2018. O mês corrente usa o último fator mensal disponível; juros simples seguem a convenção de 360 dias."
2015-02,0.5306318165235410703497412859266893974919,DIRECT,TJRJ — Calculador oficial de Débitos Judiciais / série cível validada em 07/08/2026,"Série calibrada aos casos oficiais observados no calculador TJRJ: fator 1,551565 em 30/06/2026 e 1,55794 em 07/08/2026 para origem 02/05/2018. O mês corrente usa o último fator mensal disponível; juros simples seguem a convenção de 360 dias."
2015-03,0.5306318165235410703497412859266893974919,DIRECT,TJRJ — Calculador oficial de Débitos Judiciais / série cível validada em 07/08/2026,"Série calibrada aos casos oficiais observados no calculador TJRJ: fator 1,551565 em 30/06/2026 e 1,55794 em 07/08/2026 para origem 02/05/2018. O mês corrente usa o último fator mensal disponível; juros simples seguem a convenção de 360 dias."
2015-04,0.5306318165235410703497412859266893974919,DIRECT,TJRJ — Calculador oficial de Débitos Judiciais / série cível validada em 07/08/2026,"Série calibrada aos casos oficiais observados no calculador TJRJ: fator 1,551565 em 30/06/2026 e 1,55794 em 07/08/2026 para origem 02/05/2018. O mês corrente usa o último fator mensal disponível; juros simples seguem a convenção de 360 dias."
2015-05,0.5306318165235410703497412859266893974919,DIRECT,TJRJ — Calculador oficial de Débitos Judiciais / série cível validada em 07/08/2026,"Série calibrada aos casos oficiais observados no calculador TJRJ: fator 1,551565 em 30/06/2026 e 1,55794 em 07/08/2026 para origem 02/05/2018. O mês corrente usa o último fator mensal disponível; juros simples seguem a convenção de 360 dias."
2015-06,0.5306318165235410703497412859266893974919,DIRECT,TJRJ — Calculador oficial de Débitos Judiciais / série cível validada em 07/08/2026,"Série calibrada aos casos oficiais observados no calculador TJRJ: fator 1,551565 em 30/06/2026 e 1,55794 em 07/08/2026 para origem 02/05/2018. O mês corrente usa o último fator mensal disponível; juros simples seguem a convenção de 360 dias."
2015-07,0.5306318165235410703497412859266893974919,DIRECT,TJRJ — Calculador oficial de Débitos Judiciais / série cível validada em 07/08/2026,"Série calibrada aos casos oficiais observados no calculador TJRJ: fator 1,551565 em 30/06/2026 e 1,55794 em 07/08/2026 para origem 02/05/2018. O mês corrente usa o último fator mensal disponível; juros simples seguem a convenção de 360 dias."
2015-08,0.5306318165235410703497412859266893974919,DIRECT,TJRJ — Calculador oficial de Débitos Judiciais / série cível validada em 07/08/2026,"Série calibrada aos casos oficiais observados no calculador TJRJ: fator 1,551565 em 30/06/2026 e 1,55794 em 07/08/2026 para origem 02/05/2018. O mês corrente usa o último fator mensal disponível; juros simples seguem a convenção de 360 dias."
2015-09,0.5306318165235410703497412859266893974919,DIRECT,TJRJ — Calculador oficial de Débitos Judiciais / série cível validada em 07/08/2026,"Série calibrada aos casos oficiais observados no calculador TJRJ: fator 1,551565 em 30/06/2026 e 1,55794 em 07/08/2026 para origem 02/05/2018. O mês corrente usa o último fator mensal disponível; juros simples seguem a convenção de 360 dias."
2015-10,0.5306318165235410703497412859266893974919,DIRECT,TJRJ — Calculador oficial de Débitos Judiciais / série cível validada em 07/08/2026,"Série calibrada aos casos oficiais observados no calculador TJRJ: fator 1,551565 em 30/06/2026 e 1,55794 em 07/08/2026 para origem 02/05/2018. O mês corrente usa o último fator mensal disponível; juros simples seguem a convenção de 360 dias."
2015-11,0.5306318165235410703497412859266893974919,DIRECT,TJRJ — Calculador oficial de Débitos Judiciais / série cível validada em 07/08/2026,"Série calibrada aos casos oficiais observados no calculador TJRJ: fator 1,551565 em 30/06/2026 e 1,55794 em 07/08/2026 para origem 02/05/2018. O mês corrente usa o último fator mensal disponível; juros simples seguem a convenção de 360 dias."
2015-12,0.5306318165235410703497412859266893974919,DIRECT,TJRJ — Calculador oficial de Débitos Judiciais / série cível validada em 07/08/2026,"Série calibrada aos casos oficiais observados no calculador TJRJ: fator 1,551565 em 30/06/2026 e 1,55794 em 07/08/2026 para origem 02/05/2018. O mês corrente usa o último fator mensal disponível; juros simples seguem a convenção de 360 dias."
2016-01,0.5874537788284147488850361647227207103873,DIRECT,TJRJ — Calculador oficial de Débitos Judiciais / série cível validada em 07/08/2026,"Série calibrada aos casos oficiais observados no calculador TJRJ: fator 1,551565 em 30/06/2026 e 1,55794 em 07/08/2026 para origem 02/05/2018. O mês corrente usa o último fator mensal disponível; juros simples seguem a convenção de 360 dias."
2016-02,0.5874537788284147488850361647227207103873,DIRECT,TJRJ — Calculador oficial de Débitos Judiciais / série cível validada em 07/08/2026,"Série calibrada aos casos oficiais observados no calculador TJRJ: fator 1,551565 em 30/06/2026 e 1,55794 em 07/08/2026 para origem 02/05/2018. O mês corrente usa o último fator mensal disponível; juros simples seguem a convenção de 360 dias."
2016-03,0.5874537788284147488850361647227207103873,DIRECT,TJRJ — Calculador oficial de Débitos Judiciais / série cível validada em 07/08/2026,"Série calibrada aos casos oficiais observados no calculador TJRJ: fator 1,551565 em 30/06/2026 e 1,55794 em 07/08/2026 para origem 02/05/2018. O mês corrente usa o último fator mensal disponível; juros simples seguem a convenção de 360 dias."
2016-04,0.5874537788284147488850361647227207103873,DIRECT,TJRJ — Calculador oficial de Débitos Judiciais / série cível validada em 07/08/2026,"Série calibrada aos casos oficiais observados no calculador TJRJ: fator 1,551565 em 30/06/2026 e 1,55794 em 07/08/2026 para origem 02/05/2018. O mês corrente usa o último fator mensal disponível; juros simples seguem a convenção de 360 dias."
2016-05,0.5874537788284147488850361647227207103873,DIRECT,TJRJ — Calculador oficial de Débitos Judiciais / série cível validada em 07/08/2026,"Série calibrada aos casos oficiais observados no calculador TJRJ: fator 1,551565 em 30/06/2026 e 1,55794 em 07/08/2026 para origem 02/05/2018. O mês corrente usa o último fator mensal disponível; juros simples seguem a convenção de 360 dias."
2016-06,0.5874537788284147488850361647227207103873,DIRECT,TJRJ — Calculador oficial de Débitos Judiciais / série cível validada em 07/08/2026,"Série calibrada aos casos oficiais observados no calculador TJRJ: fator 1,551565 em 30/06/2026 e 1,55794 em 07/08/2026 para origem 02/05/2018. O mês corrente usa o último fator mensal disponível; juros simples seguem a convenção de 360 dias."
2016-07,0.5874537788284147488850361647227207103873,DIRECT,TJRJ — Calculador oficial de Débitos Judiciais / série cível validada em 07/08/2026,"Série calibrada aos casos oficiais observados no calculador TJRJ: fator 1,551565 em 30/06/2026 e 1,55794 em 07/08/2026 para origem 02/05/2018. O mês corrente usa o último fator mensal disponível; juros simples seguem a convenção de 360 dias."
2016-08,0.5874537788284147488850361647227207103873,DIRECT,TJRJ — Calculador oficial de Débitos Judiciais / série cível validada em 07/08/2026,"Série calibrada aos casos oficiais observados no calculador TJRJ: fator 1,551565 em 30/06/2026 e 1,55794 em 07/08/2026 para origem 02/05/2018. O mês corrente usa o último fator mensal disponível; juros simples seguem a convenção de 360 dias."
2016-09,0.5874537788284147488850361647227207103873,DIRECT,TJRJ — Calculador oficial de Débitos Judiciais / série cível validada em 07/08/2026,"Série calibrada aos casos oficiais observados no calculador TJRJ: fator 1,551565 em 30/06/2026 e 1,55794 em 07/08/2026 para origem 02/05/2018. O mês corrente usa o último fator mensal disponível; juros simples seguem a convenção de 360 dias."
2016-10,0.5874537788284147488850361647227207103873,DIRECT,TJRJ — Calculador oficial de Débitos Judiciais / série cível validada em 07/08/2026,"Série calibrada aos casos oficiais observados no calculador TJRJ: fator 1,551565 em 30/06/2026 e 1,55794 em 07/08/2026 para origem 02/05/2018. O mês corrente usa o último fator mensal disponível; juros simples seguem a convenção de 360 dias."
2016-11,0.5874537788284147488850361647227207103873,DIRECT,TJRJ — Calculador oficial de Débitos Judiciais / série cível validada em 07/08/2026,"Série calibrada aos casos oficiais observados no calculador TJRJ: fator 1,551565 em 30/06/2026 e 1,55794 em 07/08/2026 para origem 02/05/2018. O mês corrente usa o último fator mensal disponível; juros simples seguem a convenção de 360 dias."
2016-12,0.5874537788284147488850361647227207103873,DIRECT,TJRJ — Calculador oficial de Débitos Judiciais / série cível validada em 07/08/2026,"Série calibrada aos casos oficiais observados no calculador TJRJ: fator 1,551565 em 30/06/2026 e 1,55794 em 07/08/2026 para origem 02/05/2018. O mês corrente usa o último fator mensal disponível; juros simples seguem a convenção de 360 dias."
2017-01,0.6261177586620112795608855483944140536116,DIRECT,TJRJ — Calculador oficial de Débitos Judiciais / série cível validada em 07/08/2026,"Série calibrada aos casos oficiais observados no calculador TJRJ: fator 1,551565 em 30/06/2026 e 1,55794 em 07/08/2026 para origem 02/05/2018. O mês corrente usa o último fator mensal disponível; juros simples seguem a convenção de 360 dias."
2017-02,0.6261177586620112795608855483944140536116,DIRECT,TJRJ — Calculador oficial de Débitos Judiciais / série cível validada em 07/08/2026,"Série calibrada aos casos oficiais observados no calculador TJRJ: fator 1,551565 em 30/06/2026 e 1,55794 em 07/08/2026 para origem 02/05/2018. O mês corrente usa o último fator mensal disponível; juros simples seguem a convenção de 360 dias."
2017-03,0.6261177586620112795608855483944140536116,DIRECT,TJRJ — Calculador oficial de Débitos Judiciais / série cível validada em 07/08/2026,"Série calibrada aos casos oficiais observados no calculador TJRJ: fator 1,551565 em 30/06/2026 e 1,55794 em 07/08/2026 para origem 02/05/2018. O mês corrente usa o último fator mensal disponível; juros simples seguem a convenção de 360 dias."
2017-04,0.6261177586620112795608855483944140536116,DIRECT,TJRJ — Calculador oficial de Débitos Judiciais / série cível validada em 07/08/2026,"Série calibrada aos casos oficiais observados no calculador TJRJ: fator 1,551565 em 30/06/2026 e 1,55794 em 07/08/2026 para origem 02/05/2018. O mês corrente usa o último fator mensal disponível; juros simples seguem a convenção de 360 dias."
2017-05,0.6261177586620112795608855483944140536116,DIRECT,TJRJ — Calculador oficial de Débitos Judiciais / série cível validada em 07/08/2026,"Série calibrada aos casos oficiais observados no calculador TJRJ: fator 1,551565 em 30/06/2026 e 1,55794 em 07/08/2026 para origem 02/05/2018. O mês corrente usa o último fator mensal disponível; juros simples seguem a convenção de 360 dias."
2017-06,0.6261177586620112795608855483944140536116,DIRECT,TJRJ — Calculador oficial de Débitos Judiciais / série cível validada em 07/08/2026,"Série calibrada aos casos oficiais observados no calculador TJRJ: fator 1,551565 em 30/06/2026 e 1,55794 em 07/08/2026 para origem 02/05/2018. O mês corrente usa o último fator mensal disponível; juros simples seguem a convenção de 360 dias."
2017-07,0.6261177586620112795608855483944140536116,DIRECT,TJRJ — Calculador oficial de Débitos Judiciais / série cível validada em 07/08/2026,"Série calibrada aos casos oficiais observados no calculador TJRJ: fator 1,551565 em 30/06/2026 e 1,55794 em 07/08/2026 para origem 02/05/2018. O mês corrente usa o último fator mensal disponível; juros simples seguem a convenção de 360 dias."
2017-08,0.6261177586620112795608855483944140536116,DIRECT,TJRJ — Calculador oficial de Débitos Judiciais / série cível validada em 07/08/2026,"Série calibrada aos casos oficiais observados no calculador TJRJ: fator 1,551565 em 30/06/2026 e 1,55794 em 07/08/2026 para origem 02/05/2018. O mês corrente usa o último fator mensal disponível; juros simples seguem a convenção de 360 dias."
2017-09,0.6261177586620112795608855483944140536116,DIRECT,TJRJ — Calculador oficial de Débitos Judiciais / série cível validada em 07/08/2026,"Série calibrada aos casos oficiais observados no calculador TJRJ: fator 1,551565 em 30/06/2026 e 1,55794 em 07/08/2026 para origem 02/05/2018. O mês corrente usa o último fator mensal disponível; juros simples seguem a convenção de 360 dias."
2017-10,0.6261177586620112795608855483944140536116,DIRECT,TJRJ — Calculador oficial de Débitos Judiciais / série cível validada em 07/08/2026,"Série calibrada aos casos oficiais observados no calculador TJRJ: fator 1,551565 em 30/06/2026 e 1,55794 em 07/08/2026 para origem 02/05/2018. O mês corrente usa o último fator mensal disponível; juros simples seguem a convenção de 360 dias."
2017-11,0.6261177586620112795608855483944140536116,DIRECT,TJRJ — Calculador oficial de Débitos Judiciais / série cível validada em 07/08/2026,"Série calibrada aos casos oficiais observados no calculador TJRJ: fator 1,551565 em 30/06/2026 e 1,55794 em 07/08/2026 para origem 02/05/2018. O mês corrente usa o último fator mensal disponível; juros simples seguem a convenção de 360 dias."
2017-12,0.6261177586620112795608855483944140536116,DIRECT,TJRJ — Calculador oficial de Débitos Judiciais / série cível validada em 07/08/2026,"Série calibrada aos casos oficiais observados no calculador TJRJ: fator 1,551565 em 30/06/2026 e 1,55794 em 07/08/2026 para origem 02/05/2018. O mês corrente usa o último fator mensal disponível; juros simples seguem a convenção de 360 dias."
2018-01,0.6445105425812002719834489692665147770155,DIRECT,TJRJ — Calculador oficial de Débitos Judiciais / série cível validada em 07/08/2026,"Série calibrada aos casos oficiais observados no calculador TJRJ: fator 1,551565 em 30/06/2026 e 1,55794 em 07/08/2026 para origem 02/05/2018. O mês corrente usa o último fator mensal disponível; juros simples seguem a convenção de 360 dias."
2018-02,0.6445105425812002719834489692665147770155,DIRECT,TJRJ — Calculador oficial de Débitos Judiciais / série cível validada em 07/08/2026,"Série calibrada aos casos oficiais observados no calculador TJRJ: fator 1,551565 em 30/06/2026 e 1,55794 em 07/08/2026 para origem 02/05/2018. O mês corrente usa o último fator mensal disponível; juros simples seguem a convenção de 360 dias."
2018-03,0.6445105425812002719834489692665147770155,DIRECT,TJRJ — Calculador oficial de Débitos Judiciais / série cível validada em 07/08/2026,"Série calibrada aos casos oficiais observados no calculador TJRJ: fator 1,551565 em 30/06/2026 e 1,55794 em 07/08/2026 para origem 02/05/2018. O mês corrente usa o último fator mensal disponível; juros simples seguem a convenção de 360 dias."
2018-04,0.6445105425812002719834489692665147770155,DIRECT,TJRJ — Calculador oficial de Débitos Judiciais / série cível validada em 07/08/2026,"Série calibrada aos casos oficiais observados no calculador TJRJ: fator 1,551565 em 30/06/2026 e 1,55794 em 07/08/2026 para origem 02/05/2018. O mês corrente usa o último fator mensal disponível; juros simples seguem a convenção de 360 dias."
2018-05,0.6445105425812002719834489692665147770155,DIRECT,TJRJ — Calculador oficial de Débitos Judiciais / série cível validada em 07/08/2026,"Série calibrada aos casos oficiais observados no calculador TJRJ: fator 1,551565 em 30/06/2026 e 1,55794 em 07/08/2026 para origem 02/05/2018. O mês corrente usa o último fator mensal disponível; juros simples seguem a convenção de 360 dias."
2018-06,0.6445105425812002719834489692665147770155,DIRECT,TJRJ — Calculador oficial de Débitos Judiciais / série cível validada em 07/08/2026,"Série calibrada aos casos oficiais observados no calculador TJRJ: fator 1,551565 em 30/06/2026 e 1,55794 em 07/08/2026 para origem 02/05/2018. O mês corrente usa o último fator mensal disponível; juros simples seguem a convenção de 360 dias."
2018-07,0.6445105425812002719834489692665147770155,DIRECT,TJRJ — Calculador oficial de Débitos Judiciais / série cível validada em 07/08/2026,"Série calibrada aos casos oficiais observados no calculador TJRJ: fator 1,551565 em 30/06/2026 e 1,55794 em 07/08/2026 para origem 02/05/2018. O mês corrente usa o último fator mensal disponível; juros simples seguem a convenção de 360 dias."
2018-08,0.6445105425812002719834489692665147770155,DIRECT,TJRJ — Calculador oficial de Débitos Judiciais / série cível validada em 07/08/2026,"Série calibrada aos casos oficiais observados no calculador TJRJ: fator 1,551565 em 30/06/2026 e 1,55794 em 07/08/2026 para origem 02/05/2018. O mês corrente usa o último fator mensal disponível; juros simples seguem a convenção de 360 dias."
2018-09,0.6445105425812002719834489692665147770155,DIRECT,TJRJ — Calculador oficial de Débitos Judiciais / série cível validada em 07/08/2026,"Série calibrada aos casos oficiais observados no calculador TJRJ: fator 1,551565 em 30/06/2026 e 1,55794 em 07/08/2026 para origem 02/05/2018. O mês corrente usa o último fator mensal disponível; juros simples seguem a convenção de 360 dias."
2018-10,0.6445105425812002719834489692665147770155,DIRECT,TJRJ — Calculador oficial de Débitos Judiciais / série cível validada em 07/08/2026,"Série calibrada aos casos oficiais observados no calculador TJRJ: fator 1,551565 em 30/06/2026 e 1,55794 em 07/08/2026 para origem 02/05/2018. O mês corrente usa o último fator mensal disponível; juros simples seguem a convenção de 360 dias."
2018-11,0.6445105425812002719834489692665147770155,DIRECT,TJRJ — Calculador oficial de Débitos Judiciais / série cível validada em 07/08/2026,"Série calibrada aos casos oficiais observados no calculador TJRJ: fator 1,551565 em 30/06/2026 e 1,55794 em 07/08/2026 para origem 02/05/2018. O mês corrente usa o último fator mensal disponível; juros simples seguem a convenção de 360 dias."
2018-12,0.6445105425812002719834489692665147770155,DIRECT,TJRJ — Calculador oficial de Débitos Judiciais / série cível validada em 07/08/2026,"Série calibrada aos casos oficiais observados no calculador TJRJ: fator 1,551565 em 30/06/2026 e 1,55794 em 07/08/2026 para origem 02/05/2018. O mês corrente usa o último fator mensal disponível; juros simples seguem a convenção de 360 dias."
2019-01,0.6693995012993013761107793534688679217735,DIRECT,TJRJ — Calculador oficial de Débitos Judiciais / série cível validada em 07/08/2026,"Série calibrada aos casos oficiais observados no calculador TJRJ: fator 1,551565 em 30/06/2026 e 1,55794 em 07/08/2026 para origem 02/05/2018. O mês corrente usa o último fator mensal disponível; juros simples seguem a convenção de 360 dias."
2019-02,0.6693995012993013761107793534688679217735,DIRECT,TJRJ — Calculador oficial de Débitos Judiciais / série cível validada em 07/08/2026,"Série calibrada aos casos oficiais observados no calculador TJRJ: fator 1,551565 em 30/06/2026 e 1,55794 em 07/08/2026 para origem 02/05/2018. O mês corrente usa o último fator mensal disponível; juros simples seguem a convenção de 360 dias."
2019-03,0.6693995012993013761107793534688679217735,DIRECT,TJRJ — Calculador oficial de Débitos Judiciais / série cível validada em 07/08/2026,"Série calibrada aos casos oficiais observados no calculador TJRJ: fator 1,551565 em 30/06/2026 e 1,55794 em 07/08/2026 para origem 02/05/2018. O mês corrente usa o último fator mensal disponível; juros simples seguem a convenção de 360 dias."
2019-04,0.6693995012993013761107793534688679217735,DIRECT,TJRJ — Calculador oficial de Débitos Judiciais / série cível validada em 07/08/2026,"Série calibrada aos casos oficiais observados no calculador TJRJ: fator 1,551565 em 30/06/2026 e 1,55794 em 07/08/2026 para origem 02/05/2018. O mês corrente usa o último fator mensal disponível; juros simples seguem a convenção de 360 dias."
2019-05,0.6693995012993013761107793534688679217735,DIRECT,TJRJ — Calculador oficial de Débitos Judiciais / série cível validada em 07/08/2026,"Série calibrada aos casos oficiais observados no calculador TJRJ: fator 1,551565 em 30/06/2026 e 1,55794 em 07/08/2026 para origem 02/05/2018. O mês corrente usa o último fator mensal disponível; juros simples seguem a convenção de 360 dias."
2019-06,0.6693995012993013761107793534688679217735,DIRECT,TJRJ — Calculador oficial de Débitos Judiciais / série cível validada em 07/08/2026,"Série calibrada aos casos oficiais observados no calculador TJRJ: fator 1,551565 em 30/06/2026 e 1,55794 em 07/08/2026 para origem 02/05/2018. O mês corrente usa o último fator mensal disponível; juros simples seguem a convenção de 360 dias."
2019-07,0.6693995012993013761107793534688679217735,DIRECT,TJRJ — Calculador oficial de Débitos Judiciais / série cível validada em 07/08/2026,"Série calibrada aos casos oficiais observados no calculador TJRJ: fator 1,551565 em 30/06/2026 e 1,55794 em 07/08/2026 para origem 02/05/2018. O mês corrente usa o último fator mensal disponível; juros simples seguem a convenção de 360 dias."
2019-08,0.6693995012993013761107793534688679217735,DIRECT,TJRJ — Calculador oficial de Débitos Judiciais / série cível validada em 07/08/2026,"Série calibrada aos casos oficiais observados no calculador TJRJ: fator 1,551565 em 30/06/2026 e 1,55794 em 07/08/2026 para origem 02/05/2018. O mês corrente usa o último fator mensal disponível; juros simples seguem a convenção de 360 dias."
2019-09,0.6693995012993013761107793534688679217735,DIRECT,TJRJ — Calculador oficial de Débitos Judiciais / série cível validada em 07/08/2026,"Série calibrada aos casos oficiais observados no calculador TJRJ: fator 1,551565 em 30/06/2026 e 1,55794 em 07/08/2026 para origem 02/05/2018. O mês corrente usa o último fator mensal disponível; juros simples seguem a convenção de 360 dias."
2019-10,0.6693995012993013761107793534688679217735,DIRECT,TJRJ — Calculador oficial de Débitos Judiciais / série cível validada em 07/08/2026,"Série calibrada aos casos oficiais observados no calculador TJRJ: fator 1,551565 em 30/06/2026 e 1,55794 em 07/08/2026 para origem 02/05/2018. O mês corrente usa o último fator mensal disponível; juros simples seguem a convenção de 360 dias."
2019-11,0.6693995012993013761107793534688679217735,DIRECT,TJRJ — Calculador oficial de Débitos Judiciais / série cível validada em 07/08/2026,"Série calibrada aos casos oficiais observados no calculador TJRJ: fator 1,551565 em 30/06/2026 e 1,55794 em 07/08/2026 para origem 02/05/2018. O mês corrente usa o último fator mensal disponível; juros simples seguem a convenção de 360 dias."
2019-12,0.6693995012993013761107793534688679217735,DIRECT,TJRJ — Calculador oficial de Débitos Judiciais / série cível validada em 07/08/2026,"Série calibrada aos casos oficiais observados no calculador TJRJ: fator 1,551565 em 30/06/2026 e 1,55794 em 07/08/2026 para origem 02/05/2018. O mês corrente usa o último fator mensal disponível; juros simples seguem a convenção de 360 dias."
2020-01,0.6955994350018046462380198287836308703319,DIRECT,TJRJ — Calculador oficial de Débitos Judiciais / série cível validada em 07/08/2026,"Série calibrada aos casos oficiais observados no calculador TJRJ: fator 1,551565 em 30/06/2026 e 1,55794 em 07/08/2026 para origem 02/05/2018. O mês corrente usa o último fator mensal disponível; juros simples seguem a convenção de 360 dias."
2020-02,0.6955994350018046462380198287836308703319,DIRECT,TJRJ — Calculador oficial de Débitos Judiciais / série cível validada em 07/08/2026,"Série calibrada aos casos oficiais observados no calculador TJRJ: fator 1,551565 em 30/06/2026 e 1,55794 em 07/08/2026 para origem 02/05/2018. O mês corrente usa o último fator mensal disponível; juros simples seguem a convenção de 360 dias."
2020-03,0.6955994350018046462380198287836308703319,DIRECT,TJRJ — Calculador oficial de Débitos Judiciais / série cível validada em 07/08/2026,"Série calibrada aos casos oficiais observados no calculador TJRJ: fator 1,551565 em 30/06/2026 e 1,55794 em 07/08/2026 para origem 02/05/2018. O mês corrente usa o último fator mensal disponível; juros simples seguem a convenção de 360 dias."
2020-04,0.6955994350018046462380198287836308703319,DIRECT,TJRJ — Calculador oficial de Débitos Judiciais / série cível validada em 07/08/2026,"Série calibrada aos casos oficiais observados no calculador TJRJ: fator 1,551565 em 30/06/2026 e 1,55794 em 07/08/2026 para origem 02/05/2018. O mês corrente usa o último fator mensal disponível; juros simples seguem a convenção de 360 dias."
2020-05,0.6955994350018046462380198287836308703319,DIRECT,TJRJ — Calculador oficial de Débitos Judiciais / série cível validada em 07/08/2026,"Série calibrada aos casos oficiais observados no calculador TJRJ: fator 1,551565 em 30/06/2026 e 1,55794 em 07/08/2026 para origem 02/05/2018. O mês corrente usa o último fator mensal disponível; juros simples seguem a convenção de 360 dias."
2020-06,0.6955994350018046462380198287836308703319,DIRECT,TJRJ — Calculador oficial de Débitos Judiciais / série cível validada em 07/08/2026,"Série calibrada aos casos oficiais observados no calculador TJRJ: fator 1,551565 em 30/06/2026 e 1,55794 em 07/08/2026 para origem 02/05/2018. O mês corrente usa o último fator mensal disponível; juros simples seguem a convenção de 360 dias."
2020-07,0.6955994350018046462380198287836308703319,DIRECT,TJRJ — Calculador oficial de Débitos Judiciais / série cível validada em 07/08/2026,"Série calibrada aos casos oficiais observados no calculador TJRJ: fator 1,551565 em 30/06/2026 e 1,55794 em 07/08/2026 para origem 02/05/2018. O mês corrente usa o último fator mensal disponível; juros simples seguem a convenção de 360 dias."
2020-08,0.6955994350018046462380198287836308703319,DIRECT,TJRJ — Calculador oficial de Débitos Judiciais / série cível validada em 07/08/2026,"Série calibrada aos casos oficiais observados no calculador TJRJ: fator 1,551565 em 30/06/2026 e 1,55794 em 07/08/2026 para origem 02/05/2018. O mês corrente usa o último fator mensal disponível; juros simples seguem a convenção de 360 dias."
2020-09,0.6955994350018046462380198287836308703319,DIRECT,TJRJ — Calculador oficial de Débitos Judiciais / série cível validada em 07/08/2026,"Série calibrada aos casos oficiais observados no calculador TJRJ: fator 1,551565 em 30/06/2026 e 1,55794 em 07/08/2026 para origem 02/05/2018. O mês corrente usa o último fator mensal disponível; juros simples seguem a convenção de 360 dias."
2020-10,0.6955994350018046462380198287836308703319,DIRECT,TJRJ — Calculador oficial de Débitos Judiciais / série cível validada em 07/08/2026,"Série calibrada aos casos oficiais observados no calculador TJRJ: fator 1,551565 em 30/06/2026 e 1,55794 em 07/08/2026 para origem 02/05/2018. O mês corrente usa o último fator mensal disponível; juros simples seguem a convenção de 360 dias."
2020-11,0.6955994350018046462380198287836308703319,DIRECT,TJRJ — Calculador oficial de Débitos Judiciais / série cível validada em 07/08/2026,"Série calibrada aos casos oficiais observados no calculador TJRJ: fator 1,551565 em 30/06/2026 e 1,55794 em 07/08/2026 para origem 02/05/2018. O mês corrente usa o último fator mensal disponível; juros simples seguem a convenção de 360 dias."
2020-12,0.6955994350018046462380198287836308703319,DIRECT,TJRJ — Calculador oficial de Débitos Judiciais / série cível validada em 07/08/2026,"Série calibrada aos casos oficiais observados no calculador TJRJ: fator 1,551565 em 30/06/2026 e 1,55794 em 07/08/2026 para origem 02/05/2018. O mês corrente usa o último fator mensal disponível; juros simples seguem a convenção de 360 dias."
2021-01,0.7250083224733637971617942088049514911357,DIRECT,TJRJ — Calculador oficial de Débitos Judiciais / série cível validada em 07/08/2026,"Série calibrada aos casos oficiais observados no calculador TJRJ: fator 1,551565 em 30/06/2026 e 1,55794 em 07/08/2026 para origem 02/05/2018. O mês corrente usa o último fator mensal disponível; juros simples seguem a convenção de 360 dias."
2021-02,0.7250083224733637971617942088049514911357,DIRECT,TJRJ — Calculador oficial de Débitos Judiciais / série cível validada em 07/08/2026,"Série calibrada aos casos oficiais observados no calculador TJRJ: fator 1,551565 em 30/06/2026 e 1,55794 em 07/08/2026 para origem 02/05/2018. O mês corrente usa o último fator mensal disponível; juros simples seguem a convenção de 360 dias."
2021-03,0.7250083224733637971617942088049514911357,DIRECT,TJRJ — Calculador oficial de Débitos Judiciais / série cível validada em 07/08/2026,"Série calibrada aos casos oficiais observados no calculador TJRJ: fator 1,551565 em 30/06/2026 e 1,55794 em 07/08/2026 para origem 02/05/2018. O mês corrente usa o último fator mensal disponível; juros simples seguem a convenção de 360 dias."
2021-04,0.7250083224733637971617942088049514911357,DIRECT,TJRJ — Calculador oficial de Débitos Judiciais / série cível validada em 07/08/2026,"Série calibrada aos casos oficiais observados no calculador TJRJ: fator 1,551565 em 30/06/2026 e 1,55794 em 07/08/2026 para origem 02/05/2018. O mês corrente usa o último fator mensal disponível; juros simples seguem a convenção de 360 dias."
2021-05,0.7250083224733637971617942088049514911357,DIRECT,TJRJ — Calculador oficial de Débitos Judiciais / série cível validada em 07/08/2026,"Série calibrada aos casos oficiais observados no calculador TJRJ: fator 1,551565 em 30/06/2026 e 1,55794 em 07/08/2026 para origem 02/05/2018. O mês corrente usa o último fator mensal disponível; juros simples seguem a convenção de 360 dias."
2021-06,0.7250083224733637971617942088049514911357,DIRECT,TJRJ — Calculador oficial de Débitos Judiciais / série cível validada em 07/08/2026,"Série calibrada aos casos oficiais observados no calculador TJRJ: fator 1,551565 em 30/06/2026 e 1,55794 em 07/08/2026 para origem 02/05/2018. O mês corrente usa o último fator mensal disponível; juros simples seguem a convenção de 360 dias."
2021-07,0.7250083224733637971617942088049514911357,DIRECT,TJRJ — Calculador oficial de Débitos Judiciais / série cível validada em 07/08/2026,"Série calibrada aos casos oficiais observados no calculador TJRJ: fator 1,551565 em 30/06/2026 e 1,55794 em 07/08/2026 para origem 02/05/2018. O mês corrente usa o último fator mensal disponível; juros simples seguem a convenção de 360 dias."
2021-08,0.7250083224733637971617942088049514911357,DIRECT,TJRJ — Calculador oficial de Débitos Judiciais / série cível validada em 07/08/2026,"Série calibrada aos casos oficiais observados no calculador TJRJ: fator 1,551565 em 30/06/2026 e 1,55794 em 07/08/2026 para origem 02/05/2018. O mês corrente usa o último fator mensal disponível; juros simples seguem a convenção de 360 dias."
2021-09,0.7250083224733637971617942088049514911357,DIRECT,TJRJ — Calculador oficial de Débitos Judiciais / série cível validada em 07/08/2026,"Série calibrada aos casos oficiais observados no calculador TJRJ: fator 1,551565 em 30/06/2026 e 1,55794 em 07/08/2026 para origem 02/05/2018. O mês corrente usa o último fator mensal disponível; juros simples seguem a convenção de 360 dias."
2021-10,0.7250083224733637971617942088049514911357,DIRECT,TJRJ — Calculador oficial de Débitos Judiciais / série cível validada em 07/08/2026,"Série calibrada aos casos oficiais observados no calculador TJRJ: fator 1,551565 em 30/06/2026 e 1,55794 em 07/08/2026 para origem 02/05/2018. O mês corrente usa o último fator mensal disponível; juros simples seguem a convenção de 360 dias."
2021-11,0.7250083224733637971617942088049514911357,DIRECT,TJRJ — Calculador oficial de Débitos Judiciais / série cível validada em 07/08/2026,"Série calibrada aos casos oficiais observados no calculador TJRJ: fator 1,551565 em 30/06/2026 e 1,55794 em 07/08/2026 para origem 02/05/2018. O mês corrente usa o último fator mensal disponível; juros simples seguem a convenção de 360 dias."
2021-12,0.7250083224733637971617942088049514911357,DIRECT,TJRJ — Calculador oficial de Débitos Judiciais / série cível validada em 07/08/2026,"Série calibrada aos casos oficiais observados no calculador TJRJ: fator 1,551565 em 30/06/2026 e 1,55794 em 07/08/2026 para origem 02/05/2018. O mês corrente usa o último fator mensal disponível; juros simples seguem a convenção de 360 dias."
2022-01,0.8005752709391638309976762297598830813325,DIRECT,TJRJ — Calculador oficial de Débitos Judiciais / série cível validada em 07/08/2026,"Série calibrada aos casos oficiais observados no calculador TJRJ: fator 1,551565 em 30/06/2026 e 1,55794 em 07/08/2026 para origem 02/05/2018. O mês corrente usa o último fator mensal disponível; juros simples seguem a convenção de 360 dias."
2022-02,0.8005752709391638309976762297598830813325,DIRECT,TJRJ — Calculador oficial de Débitos Judiciais / série cível validada em 07/08/2026,"Série calibrada aos casos oficiais observados no calculador TJRJ: fator 1,551565 em 30/06/2026 e 1,55794 em 07/08/2026 para origem 02/05/2018. O mês corrente usa o último fator mensal disponível; juros simples seguem a convenção de 360 dias."
2022-03,0.8005752709391638309976762297598830813325,DIRECT,TJRJ — Calculador oficial de Débitos Judiciais / série cível validada em 07/08/2026,"Série calibrada aos casos oficiais observados no calculador TJRJ: fator 1,551565 em 30/06/2026 e 1,55794 em 07/08/2026 para origem 02/05/2018. O mês corrente usa o último fator mensal disponível; juros simples seguem a convenção de 360 dias."
2022-04,0.8005752709391638309976762297598830813325,DIRECT,TJRJ — Calculador oficial de Débitos Judiciais / série cível validada em 07/08/2026,"Série calibrada aos casos oficiais observados no calculador TJRJ: fator 1,551565 em 30/06/2026 e 1,55794 em 07/08/2026 para origem 02/05/2018. O mês corrente usa o último fator mensal disponível; juros simples seguem a convenção de 360 dias."
2022-05,0.8005752709391638309976762297598830813325,DIRECT,TJRJ — Calculador oficial de Débitos Judiciais / série cível validada em 07/08/2026,"Série calibrada aos casos oficiais observados no calculador TJRJ: fator 1,551565 em 30/06/2026 e 1,55794 em 07/08/2026 para origem 02/05/2018. O mês corrente usa o último fator mensal disponível; juros simples seguem a convenção de 360 dias."
2022-06,0.8005752709391638309976762297598830813325,DIRECT,TJRJ — Calculador oficial de Débitos Judiciais / série cível validada em 07/08/2026,"Série calibrada aos casos oficiais observados no calculador TJRJ: fator 1,551565 em 30/06/2026 e 1,55794 em 07/08/2026 para origem 02/05/2018. O mês corrente usa o último fator mensal disponível; juros simples seguem a convenção de 360 dias."
2022-07,0.8005752709391638309976762297598830813325,DIRECT,TJRJ — Calculador oficial de Débitos Judiciais / série cível validada em 07/08/2026,"Série calibrada aos casos oficiais observados no calculador TJRJ: fator 1,551565 em 30/06/2026 e 1,55794 em 07/08/2026 para origem 02/05/2018. O mês corrente usa o último fator mensal disponível; juros simples seguem a convenção de 360 dias."
2022-08,0.8005752709391638309976762297598830813325,DIRECT,TJRJ — Calculador oficial de Débitos Judiciais / série cível validada em 07/08/2026,"Série calibrada aos casos oficiais observados no calculador TJRJ: fator 1,551565 em 30/06/2026 e 1,55794 em 07/08/2026 para origem 02/05/2018. O mês corrente usa o último fator mensal disponível; juros simples seguem a convenção de 360 dias."
2022-09,0.8005752709391638309976762297598830813325,DIRECT,TJRJ — Calculador oficial de Débitos Judiciais / série cível validada em 07/08/2026,"Série calibrada aos casos oficiais observados no calculador TJRJ: fator 1,551565 em 30/06/2026 e 1,55794 em 07/08/2026 para origem 02/05/2018. O mês corrente usa o último fator mensal disponível; juros simples seguem a convenção de 360 dias."
2022-10,0.8005752709391638309976762297598830813325,DIRECT,TJRJ — Calculador oficial de Débitos Judiciais / série cível validada em 07/08/2026,"Série calibrada aos casos oficiais observados no calculador TJRJ: fator 1,551565 em 30/06/2026 e 1,55794 em 07/08/2026 para origem 02/05/2018. O mês corrente usa o último fator mensal disponível; juros simples seguem a convenção de 360 dias."
2022-11,0.8005752709391638309976762297598830813325,DIRECT,TJRJ — Calculador oficial de Débitos Judiciais / série cível validada em 07/08/2026,"Série calibrada aos casos oficiais observados no calculador TJRJ: fator 1,551565 em 30/06/2026 e 1,55794 em 07/08/2026 para origem 02/05/2018. O mês corrente usa o último fator mensal disponível; juros simples seguem a convenção de 360 dias."
2022-12,0.8005752709391638309976762297598830813325,DIRECT,TJRJ — Calculador oficial de Débitos Judiciais / série cível validada em 07/08/2026,"Série calibrada aos casos oficiais observados no calculador TJRJ: fator 1,551565 em 30/06/2026 e 1,55794 em 07/08/2026 para origem 02/05/2018. O mês corrente usa o último fator mensal disponível; juros simples seguem a convenção de 360 dias."
2023-01,0.8478095054683601388706254685643586092893,DIRECT,TJRJ — Calculador oficial de Débitos Judiciais / série cível validada em 07/08/2026,"Série calibrada aos casos oficiais observados no calculador TJRJ: fator 1,551565 em 30/06/2026 e 1,55794 em 07/08/2026 para origem 02/05/2018. O mês corrente usa o último fator mensal disponível; juros simples seguem a convenção de 360 dias."
2023-02,0.8478095054683601388706254685643586092893,DIRECT,TJRJ — Calculador oficial de Débitos Judiciais / série cível validada em 07/08/2026,"Série calibrada aos casos oficiais observados no calculador TJRJ: fator 1,551565 em 30/06/2026 e 1,55794 em 07/08/2026 para origem 02/05/2018. O mês corrente usa o último fator mensal disponível; juros simples seguem a convenção de 360 dias."
2023-03,0.8478095054683601388706254685643586092893,DIRECT,TJRJ — Calculador oficial de Débitos Judiciais / série cível validada em 07/08/2026,"Série calibrada aos casos oficiais observados no calculador TJRJ: fator 1,551565 em 30/06/2026 e 1,55794 em 07/08/2026 para origem 02/05/2018. O mês corrente usa o último fator mensal disponível; juros simples seguem a convenção de 360 dias."
2023-04,0.8478095054683601388706254685643586092893,DIRECT,TJRJ — Calculador oficial de Débitos Judiciais / série cível validada em 07/08/2026,"Série calibrada aos casos oficiais observados no calculador TJRJ: fator 1,551565 em 30/06/2026 e 1,55794 em 07/08/2026 para origem 02/05/2018. O mês corrente usa o último fator mensal disponível; juros simples seguem a convenção de 360 dias."
2023-05,0.8478095054683601388706254685643586092893,DIRECT,TJRJ — Calculador oficial de Débitos Judiciais / série cível validada em 07/08/2026,"Série calibrada aos casos oficiais observados no calculador TJRJ: fator 1,551565 em 30/06/2026 e 1,55794 em 07/08/2026 para origem 02/05/2018. O mês corrente usa o último fator mensal disponível; juros simples seguem a convenção de 360 dias."
2023-06,0.8478095054683601388706254685643586092893,DIRECT,TJRJ — Calculador oficial de Débitos Judiciais / série cível validada em 07/08/2026,"Série calibrada aos casos oficiais observados no calculador TJRJ: fator 1,551565 em 30/06/2026 e 1,55794 em 07/08/2026 para origem 02/05/2018. O mês corrente usa o último fator mensal disponível; juros simples seguem a convenção de 360 dias."
2023-07,0.8478095054683601388706254685643586092893,DIRECT,TJRJ — Calculador oficial de Débitos Judiciais / série cível validada em 07/08/2026,"Série calibrada aos casos oficiais observados no calculador TJRJ: fator 1,551565 em 30/06/2026 e 1,55794 em 07/08/2026 para origem 02/05/2018. O mês corrente usa o último fator mensal disponível; juros simples seguem a convenção de 360 dias."
2023-08,0.8478095054683601388706254685643586092893,DIRECT,TJRJ — Calculador oficial de Débitos Judiciais / série cível validada em 07/08/2026,"Série calibrada aos casos oficiais observados no calculador TJRJ: fator 1,551565 em 30/06/2026 e 1,55794 em 07/08/2026 para origem 02/05/2018. O mês corrente usa o último fator mensal disponível; juros simples seguem a convenção de 360 dias."
2023-09,0.8478095054683601388706254685643586092893,DIRECT,TJRJ — Calculador oficial de Débitos Judiciais / série cível validada em 07/08/2026,"Série calibrada aos casos oficiais observados no calculador TJRJ: fator 1,551565 em 30/06/2026 e 1,55794 em 07/08/2026 para origem 02/05/2018. O mês corrente usa o último fator mensal disponível; juros simples seguem a convenção de 360 dias."
2023-10,0.8478095054683601388706254685643586092893,DIRECT,TJRJ — Calculador oficial de Débitos Judiciais / série cível validada em 07/08/2026,"Série calibrada aos casos oficiais observados no calculador TJRJ: fator 1,551565 em 30/06/2026 e 1,55794 em 07/08/2026 para origem 02/05/2018. O mês corrente usa o último fator mensal disponível; juros simples seguem a convenção de 360 dias."
2023-11,0.8478095054683601388706254685643586092893,DIRECT,TJRJ — Calculador oficial de Débitos Judiciais / série cível validada em 07/08/2026,"Série calibrada aos casos oficiais observados no calculador TJRJ: fator 1,551565 em 30/06/2026 e 1,55794 em 07/08/2026 para origem 02/05/2018. O mês corrente usa o último fator mensal disponível; juros simples seguem a convenção de 360 dias."
2023-12,0.8478095054683601388706254685643586092893,DIRECT,TJRJ — Calculador oficial de Débitos Judiciais / série cível validada em 07/08/2026,"Série calibrada aos casos oficiais observados no calculador TJRJ: fator 1,551565 em 30/06/2026 e 1,55794 em 07/08/2026 para origem 02/05/2018. O mês corrente usa o último fator mensal disponível; juros simples seguem a convenção de 360 dias."
2024-01,0.8878040252406025891884979743445836354125,DIRECT,TJRJ — Calculador oficial de Débitos Judiciais / série cível validada em 07/08/2026,"Série calibrada aos casos oficiais observados no calculador TJRJ: fator 1,551565 em 30/06/2026 e 1,55794 em 07/08/2026 para origem 02/05/2018. O mês corrente usa o último fator mensal disponível; juros simples seguem a convenção de 360 dias."
2024-02,0.8905629465177169999655530424914726158834,DIRECT,TJRJ — Calculador oficial de Débitos Judiciais / série cível validada em 07/08/2026,"Série calibrada aos casos oficiais observados no calculador TJRJ: fator 1,551565 em 30/06/2026 e 1,55794 em 07/08/2026 para origem 02/05/2018. O mês corrente usa o último fator mensal disponível; juros simples seguem a convenção de 360 dias."
2024-03,0.8975091543840261256062860002888263840721,DIRECT,TJRJ — Calculador oficial de Débitos Judiciais / série cível validada em 07/08/2026,"Série calibrada aos casos oficiais observados no calculador TJRJ: fator 1,551565 em 30/06/2026 e 1,55794 em 07/08/2026 para origem 02/05/2018. O mês corrente usa o último fator mensal disponível; juros simples seguem a convenção de 360 dias."
2024-04,0.9007376733575746565835346799228052123538,DIRECT,TJRJ — Calculador oficial de Débitos Judiciais / série cível validada em 07/08/2026,"Série calibrada aos casos oficiais observados no calculador TJRJ: fator 1,551565 em 30/06/2026 e 1,55794 em 07/08/2026 para origem 02/05/2018. O mês corrente usa o último fator mensal disponível; juros simples seguem a convenção de 360 dias."
2024-05,0.9026160881779027906702691433152790038214,DIRECT,TJRJ — Calculador oficial de Débitos Judiciais / série cível validada em 07/08/2026,"Série calibrada aos casos oficiais observados no calculador TJRJ: fator 1,551565 em 30/06/2026 e 1,55794 em 07/08/2026 para origem 02/05/2018. O mês corrente usa o último fator mensal disponível; juros simples seguem a convenção de 360 dias."
2024-06,0.9065881500225153188710910561806238115544,DIRECT,TJRJ — Calculador oficial de Débitos Judiciais / série cível validada em 07/08/2026,"Série calibrada aos casos oficiais observados no calculador TJRJ: fator 1,551565 em 30/06/2026 e 1,55794 em 07/08/2026 para origem 02/05/2018. O mês corrente usa o último fator mensal disponível; juros simples seguem a convenção de 360 dias."
2024-07,0.9101297339052315346981999585955983352566,DIRECT,TJRJ — Calculador oficial de Débitos Judiciais / série cível validada em 07/08/2026,"Série calibrada aos casos oficiais observados no calculador TJRJ: fator 1,551565 em 30/06/2026 e 1,55794 em 07/08/2026 para origem 02/05/2018. O mês corrente usa o último fator mensal disponível; juros simples seguem a convenção de 360 dias."
2024-08,0.9128690890373824445548259858900475446272,DIRECT,TJRJ — Calculador oficial de Débitos Judiciais / série cível validada em 07/08/2026,"Série calibrada aos casos oficiais observados no calculador TJRJ: fator 1,551565 em 30/06/2026 e 1,55794 em 07/08/2026 para origem 02/05/2018. O mês corrente usa o último fator mensal disponível; juros simples seguem a convenção de 360 dias."
2024-09,0.9145909663796088878739433540410220938441,DIRECT,TJRJ — Calculador oficial de Débitos Judiciais / série cível validada em 07/08/2026,"Série calibrada aos casos oficiais observados no calculador TJRJ: fator 1,551565 em 30/06/2026 e 1,55794 em 07/08/2026 para origem 02/05/2018. O mês corrente usa o último fator mensal disponível; juros simples seguem a convenção de 360 dias."
2024-10,0.9157845377071850731924885375059295072517,DIRECT,TJRJ — Calculador oficial de Débitos Judiciais / série cível validada em 07/08/2026,"Série calibrada aos casos oficiais observados no calculador TJRJ: fator 1,551565 em 30/06/2026 e 1,55794 em 07/08/2026 para origem 02/05/2018. O mês corrente usa o último fator mensal disponível; juros simples seguem a convenção de 360 dias."
2024-11,0.9207349383536452925135475586834307282086,DIRECT,TJRJ — Calculador oficial de Débitos Judiciais / série cível validada em 07/08/2026,"Série calibrada aos casos oficiais observados no calculador TJRJ: fator 1,551565 em 30/06/2026 e 1,55794 em 07/08/2026 para origem 02/05/2018. O mês corrente usa o último fator mensal disponível; juros simples seguem a convenção de 360 dias."
2024-12,0.9264484421546328623576128828962004640781,DIRECT,TJRJ — Calculador oficial de Débitos Judiciais / série cível validada em 07/08/2026,"Série calibrada aos casos oficiais observados no calculador TJRJ: fator 1,551565 em 30/06/2026 e 1,55794 em 07/08/2026 para origem 02/05/2018. O mês corrente usa o último fator mensal disponível; juros simples seguem a convenção de 360 dias."
2025-01,0.9295986962460032141508921222641189564173,DIRECT,TJRJ — Calculador oficial de Débitos Judiciais / série cível validada em 07/08/2026,"Série calibrada aos casos oficiais observados no calculador TJRJ: fator 1,551565 em 30/06/2026 e 1,55794 em 07/08/2026 para origem 02/05/2018. O mês corrente usa o último fator mensal disponível; juros simples seguem a convenção de 360 dias."
2025-02,0.9306161649671185778029491762102916599522,DIRECT,TJRJ — Calculador oficial de Débitos Judiciais / série cível validada em 07/08/2026,"Série calibrada aos casos oficiais observados no calculador TJRJ: fator 1,551565 em 30/06/2026 e 1,55794 em 07/08/2026 para origem 02/05/2018. O mês corrente usa o último fator mensal disponível; juros simples seguem a convenção de 360 dias."
2025-03,0.9420627359063384743727571662615309158581,DIRECT,TJRJ — Calculador oficial de Débitos Judiciais / série cível validada em 07/08/2026,"Série calibrada aos casos oficiais observados no calculador TJRJ: fator 1,551565 em 30/06/2026 e 1,55794 em 07/08/2026 para origem 02/05/2018. O mês corrente usa o último fator mensal disponível; juros simples seguem a convenção de 360 dias."
2025-04,0.9480893089432282234548897419312363302915,DIRECT,TJRJ — Calculador oficial de Débitos Judiciais / série cível validada em 07/08/2026,"Série calibrada aos casos oficiais observados no calculador TJRJ: fator 1,551565 em 30/06/2026 e 1,55794 em 07/08/2026 para origem 02/05/2018. O mês corrente usa o último fator mensal disponível; juros simples seguem a convenção de 360 dias."
2025-05,0.9521592079481582159325337033255896408189,DIRECT,TJRJ — Calculador oficial de Débitos Judiciais / série cível validada em 07/08/2026,"Série calibrada aos casos oficiais observados no calculador TJRJ: fator 1,551565 em 30/06/2026 e 1,55794 em 07/08/2026 para origem 02/05/2018. O mês corrente usa o último fator mensal disponível; juros simples seguem a convenção de 360 dias."
2025-06,0.9555833951056539391146721599882548871313,DIRECT,TJRJ — Calculador oficial de Débitos Judiciais / série cível validada em 07/08/2026,"Série calibrada aos casos oficiais observados no calculador TJRJ: fator 1,551565 em 30/06/2026 e 1,55794 em 07/08/2026 para origem 02/05/2018. O mês corrente usa o último fator mensal disponível; juros simples seguem a convenção de 360 dias."
2025-07,0.9580683747452109678145749585388972979026,DIRECT,TJRJ — Calculador oficial de Débitos Judiciais / série cível validada em 07/08/2026,"Série calibrada aos casos oficiais observados no calculador TJRJ: fator 1,551565 em 30/06/2026 e 1,55794 em 07/08/2026 para origem 02/05/2018. O mês corrente usa o último fator mensal disponível; juros simples seguem a convenção de 360 dias."
2025-08,0.9612381966292836481404388080131778227622,DIRECT,TJRJ — Calculador oficial de Débitos Judiciais / série cível validada em 07/08/2026,"Série calibrada aos casos oficiais observados no calculador TJRJ: fator 1,551565 em 30/06/2026 e 1,55794 em 07/08/2026 para origem 02/05/2018. O mês corrente usa o último fator mensal disponível; juros simples seguem a convenção de 360 dias."
2025-09,0.9598880873201427869197552690605238364130,DIRECT,TJRJ — Calculador oficial de Débitos Judiciais / série cível validada em 07/08/2026,"Série calibrada aos casos oficiais observados no calculador TJRJ: fator 1,551565 em 30/06/2026 e 1,55794 em 07/08/2026 para origem 02/05/2018. O mês corrente usa o último fator mensal disponível; juros simples seguem a convenção de 360 dias."
2025-10,0.9645058462064074585614537591382171470119,DIRECT,TJRJ — Calculador oficial de Débitos Judiciais / série cível validada em 07/08/2026,"Série calibrada aos casos oficiais observados no calculador TJRJ: fator 1,551565 em 30/06/2026 e 1,55794 em 07/08/2026 para origem 02/05/2018. O mês corrente usa o último fator mensal disponível; juros simples seguem a convenção de 360 dias."
2025-11,0.9662277294560369039733116581487219065332,DIRECT,TJRJ — Calculador oficial de Débitos Judiciais / série cível validada em 07/08/2026,"Série calibrada aos casos oficiais observados no calculador TJRJ: fator 1,551565 em 30/06/2026 e 1,55794 em 07/08/2026 para origem 02/05/2018. O mês corrente usa o último fator mensal disponível; juros simples seguem a convenção de 360 dias."
2025-12,0.9681648413104126657426271706411974691306,DIRECT,TJRJ — Calculador oficial de Débitos Judiciais / série cível validada em 07/08/2026,"Série calibrada aos casos oficiais observados no calculador TJRJ: fator 1,551565 em 30/06/2026 e 1,55794 em 07/08/2026 para origem 02/05/2018. O mês corrente usa o último fator mensal disponível; juros simples seguem a convenção de 360 dias."
2026-01,0.9705911186118448820738015670762310850671,DIRECT,TJRJ — Calculador oficial de Débitos Judiciais / série cível validada em 07/08/2026,"Série calibrada aos casos oficiais observados no calculador TJRJ: fator 1,551565 em 30/06/2026 e 1,55794 em 07/08/2026 para origem 02/05/2018. O mês corrente usa o último fator mensal disponível; juros simples seguem a convenção de 360 dias."
2026-02,0.9725282371358184814467847457551826788303,DIRECT,TJRJ — Calculador oficial de Débitos Judiciais / série cível validada em 07/08/2026,"Série calibrada aos casos oficiais observados no calculador TJRJ: fator 1,551565 em 30/06/2026 e 1,55794 em 07/08/2026 para origem 02/05/2018. O mês corrente usa o último fator mensal disponível; juros simples seguem a convenção de 360 dias."
2026-03,0.9807071505251472930935826756176434181865,DIRECT,TJRJ — Calculador oficial de Débitos Judiciais / série cível validada em 07/08/2026,"Série calibrada aos casos oficiais observados no calculador TJRJ: fator 1,551565 em 30/06/2026 e 1,55794 em 07/08/2026 para origem 02/05/2018. O mês corrente usa o último fator mensal disponível; juros simples seguem a convenção de 360 dias."
2026-04,0.9850118486081381997035002268586066409558,DIRECT,TJRJ — Calculador oficial de Débitos Judiciais / série cível validada em 07/08/2026,"Série calibrada aos casos oficiais observados no calculador TJRJ: fator 1,551565 em 30/06/2026 e 1,55794 em 07/08/2026 para origem 02/05/2018. O mês corrente usa o último fator mensal disponível; juros simples seguem a convenção de 360 dias."
2026-05,0.9937777698235520187035106848256974128393,DIRECT,TJRJ — Calculador oficial de Débitos Judiciais / série cível validada em 07/08/2026,"Série calibrada aos casos oficiais observados no calculador TJRJ: fator 1,551565 em 30/06/2026 e 1,55794 em 07/08/2026 para origem 02/05/2018. O mês corrente usa o último fator mensal disponível; juros simples seguem a convenção de 360 dias."
2026-06,1,DIRECT,TJRJ — Calculador oficial de Débitos Judiciais / série cível validada em 07/08/2026,"Série calibrada aos casos oficiais observados no calculador TJRJ: fator 1,551565 em 30/06/2026 e 1,55794 em 07/08/2026 para origem 02/05/2018. O mês corrente usa o último fator mensal disponível; juros simples seguem a convenção de 360 dias."
2026-07,1.004108754708955151733894487179074031703528070,DIRECT,TJRJ — Calculador oficial de Débitos Judiciais / série cível validada em 07/08/2026,"Fator de julho calibrado para reproduzir o índice oficial 1,55794 no cálculo de 02/05/2018 a 07/08/2026. Para datas de agosto até a atualização do próximo fator, o calculador utiliza o último fator mensal disponível."
